raceId,driverId,total_pit_stops
841,153,3
841,30,2
841,17,3
841,4,3
841,13,3
841,22,4
841,20,2
841,814,2
841,816,2
841,67,2
841,2,2
841,1,2
841,808,2
841,3,1
841,155,2
841,16,2
841,15,2
841,18,3
841,153,3
841,5,1
841,30,2
841,10,1
841,18,3
841,815,1
841,22,4
841,17,3
841,4,3
841,22,4
841,67,2
841,2,2
841,13,3
841,155,2
841,20,2
841,1,2
841,153,3
841,808,2
841,814,2
841,18,3
841,16,2
841,15,2
841,816,2
841,17,3
841,22,4
841,4,3
841,13,3
842,16,3
842,22,2
842,17,4
842,814,3
842,1,4
842,20,3
842,2,3
842,18,3
842,13,3
842,15,1
842,4,4
842,30,3
842,808,3
842,67,3
842,3,3
842,5,2
842,153,2
842,16,3
842,155,2
842,815,1
842,10,2
842,816,2
842,24,3
842,22,2
842,67,3
842,17,4
842,18,3
842,1,4
842,814,3
842,20,3
842,4,4
842,2,3
842,13,3
842,808,3
842,30,3
842,3,3
842,17,4
842,153,2
842,16,3
842,67,3
842,5,2
842,10,2
842,816,2
842,155,2
842,1,4
842,814,3
842,18,3
842,13,3
842,2,3
842,24,3
842,3,3
842,20,3
842,4,4
842,30,3
842,17,4
842,808,3
842,4,4
842,24,3
842,1,4
843,153,1
843,24,3
843,30,3
843,17,3
843,813,3
843,814,2
843,3,3
843,67,3
843,18,3
843,20,2
843,155,2
843,13,2
843,1,3
843,16,3
843,4,2
843,815,4
843,22,2
843,67,3
843,10,3
843,808,2
843,2,2
843,5,2
843,15,2
843,816,2
843,24,3
843,39,1
843,18,3
843,3,3
843,1,3
843,17,3
843,813,3
843,30,3
843,10,3
843,16,3
843,155,2
843,2,2
843,20,2
843,4,2
843,814,2
843,13,2
843,67,3
843,816,2
843,22,2
843,815,4
843,18,3
843,808,2
843,1,3
843,3,3
843,30,3
843,17,3
843,10,3
843,5,2
843,813,3
843,15,2
843,24,3
843,16,3
843,815,4
843,815,4
844,815,4
844,30,4
844,808,4
844,13,4
844,1,4
844,67,3
844,17,4
844,4,4
844,3,4
844,2,4
844,22,3
844,16,3
844,20,4
844,814,4
844,813,4
844,18,3
844,155,3
844,153,4
844,15,3
844,30,4
844,39,3
844,5,3
844,24,4
844,815,4
844,816,2
844,24,4
844,808,4
844,1,4
844,17,4
844,3,4
844,2,4
844,4,4
844,13,4
844,67,3
844,155,3
844,22,3
844,814,4
844,20,4
844,16,3
844,813,4
844,15,3
844,18,3
844,39,3
844,153,4
844,30,4
844,5,3
844,814,4
844,815,4
844,3,4
844,1,4
844,816,2
844,808,4
844,13,4
844,17,4
844,4,4
844,2,4
844,24,4
844,155,3
844,18,3
844,153,4
844,20,4
844,15,3
844,67,3
844,22,3
844,16,3
844,24,4
844,813,4
844,815,4
844,3,4
844,814,4
844,17,4
844,808,4
844,30,4
844,4,4
844,813,4
844,1,4
844,2,4
844,13,4
844,20,4
844,39,3
844,5,3
844,153,4
845,155,3
845,815,3
845,813,4
845,20,4
845,67,3
845,4,4
845,17,4
845,30,3
845,1,4
845,808,3
845,3,3
845,13,3
845,153,4
845,22,4
845,16,3
845,18,3
845,39,3
845,814,3
845,15,3
845,5,3
845,24,1
845,10,3
845,816,3
845,20,4
845,4,4
845,17,4
845,813,4
845,13,3
845,2,3
845,1,4
845,22,4
845,153,4
845,67,3
845,155,3
845,30,3
845,808,3
845,3,3
845,4,4
845,17,4
845,5,3
845,815,3
845,15,3
845,39,3
845,18,3
845,16,3
845,814,3
845,20,4
845,1,4
845,816,3
845,22,4
845,13,3
845,813,4
845,2,3
845,153,4
845,4,4
845,10,3
845,30,3
845,808,3
845,5,3
845,3,3
845,67,3
845,15,3
845,155,3
845,17,4
845,20,4
845,815,3
845,18,3
845,1,4
845,16,3
845,39,3
845,2,3
845,153,4
845,816,3
845,814,3
845,813,4
845,10,3
845,22,4
846,30,1
846,18,3
846,3,3
846,20,1
846,17,2
846,4,2
846,5,2
846,814,3
846,1,3
846,10,1
846,15,2
846,813,2
846,13,1
846,39,2
846,814,3
846,808,1
846,153,2
846,22,2
846,18,3
846,814,3
846,2,2
846,67,2
846,4,2
846,3,3
846,24,1
846,816,2
846,155,1
846,16,2
846,39,2
846,1,3
846,15,2
846,18,3
846,1,3
846,5,2
846,3,3
846,813,2
846,17,2
846,153,2
846,67,2
846,816,2
846,16,2
846,22,2
846,2,2
847,18,6
847,24,3
847,18,6
847,22,4
847,16,4
847,4,3
847,3,4
847,813,5
847,67,4
847,816,5
847,30,4
847,4,3
847,18,6
847,3,4
847,153,3
847,22,4
847,5,1
847,15,3
847,813,5
847,20,3
847,17,3
847,67,4
847,13,4
847,30,4
847,816,5
847,816,5
847,30,4
847,16,4
847,10,2
847,22,4
847,67,4
847,2,2
847,814,4
847,18,6
847,37,2
847,153,3
847,813,5
847,24,3
847,155,2
847,13,4
847,808,2
847,17,3
847,4,3
847,3,4
847,15,3
847,816,5
847,20,3
847,39,2
847,18,6
847,814,4
847,16,4
847,16,4
847,17,3
847,22,4
847,67,4
847,814,4
847,18,6
847,153,3
847,813,5
847,10,2
847,39,2
847,30,4
847,13,4
847,2,2
847,37,2
847,15,3
847,816,5
847,20,3
847,24,3
847,155,2
847,808,2
847,3,4
847,13,4
847,814,4
847,813,5
848,813,3
848,2,3
848,22,3
848,155,2
848,1,3
848,3,3
848,16,3
848,17,3
848,20,3
848,4,3
848,18,3
848,30,3
848,814,3
848,67,3
848,5,3
848,39,3
848,13,3
848,808,3
848,30,3
848,24,3
848,10,2
848,15,2
848,816,2
848,153,2
848,1,3
848,815,1
848,67,3
848,5,3
848,2,3
848,814,3
848,808,3
848,17,3
848,16,3
848,22,3
848,813,3
848,4,3
848,24,3
848,20,3
848,18,3
848,3,3
848,39,3
848,13,3
848,30,3
848,155,2
848,15,2
848,816,2
848,808,3
848,2,3
848,22,3
848,17,3
848,1,3
848,153,2
848,5,3
848,16,3
848,10,2
848,814,3
848,4,3
848,24,3
848,813,3
848,3,3
848,67,3
848,20,3
848,39,3
848,13,3
848,18,3
849,30,3
849,2,2
849,18,3
849,16,3
849,155,2
849,813,3
849,67,2
849,808,2
849,22,2
849,10,2
849,24,2
849,816,2
849,17,3
849,4,3
849,1,3
849,814,3
849,3,2
849,815,2
849,153,2
849,817,2
849,20,3
849,13,3
849,30,3
849,155,2
849,1,3
849,814,3
849,813,3
849,16,3
849,67,2
849,17,3
849,18,3
849,13,3
849,814,3
849,20,3
849,4,3
849,816,2
849,817,2
849,3,2
849,2,2
849,10,2
849,153,2
849,30,3
849,22,2
849,815,2
849,24,2
849,813,3
849,20,3
849,1,3
849,17,3
849,808,2
849,4,3
849,18,3
849,16,3
849,13,3
850,815,2
850,67,2
850,812,3
850,17,3
850,3,3
850,30,3
850,813,2
850,1,3
850,4,3
850,20,3
850,13,3
850,155,2
850,24,1
850,817,2
850,16,2
850,10,2
850,808,2
850,153,2
850,814,2
850,18,1
850,816,2
850,5,2
850,17,3
850,812,3
850,1,3
850,4,3
850,813,2
850,3,3
850,67,2
850,30,3
850,20,3
850,13,3
850,815,2
850,153,2
850,808,2
850,16,2
850,155,2
850,10,2
850,1,3
850,816,2
850,817,2
850,5,2
850,814,2
850,4,3
850,3,3
850,812,3
850,17,3
850,30,3
850,13,3
850,20,3
851,17,5
851,13,4
851,808,4
851,22,5
851,18,3
851,814,3
851,813,5
851,2,2
851,10,3
851,816,4
851,1,6
851,20,3
851,4,4
851,3,4
851,155,3
851,67,3
851,5,5
851,16,4
851,815,4
851,24,5
851,30,2
851,153,3
851,15,1
851,817,3
851,813,5
851,2,2
851,22,5
851,153,3
851,5,5
851,815,4
851,17,5
851,4,4
851,13,4
851,808,4
851,67,3
851,1,6
851,30,2
851,24,5
851,16,4
851,18,3
851,3,4
851,814,3
851,20,3
851,813,5
851,10,3
851,817,3
851,816,4
851,815,4
851,155,3
851,4,4
851,22,5
851,17,5
851,24,5
851,1,6
851,13,4
851,20,3
851,18,3
851,814,3
851,67,3
851,5,5
851,815,4
851,817,3
851,4,4
851,153,3
851,816,4
851,3,4
851,17,5
851,808,4
851,22,5
851,5,5
851,16,4
851,24,5
851,813,5
851,1,6
851,17,5
851,22,5
851,1,6
851,808,4
851,5,5
851,16,4
851,816,4
851,3,4
851,813,5
851,24,5
851,10,3
851,1,6
851,13,4
851,155,3
852,10,4
852,811,3
852,5,3
852,17,2
852,18,3
852,30,3
852,20,3
852,815,3
852,10,4
852,4,2
852,811,3
852,13,3
852,1,1
852,3,2
852,24,2
852,808,2
852,813,2
852,20,3
852,16,2
852,22,3
852,30,3
852,18,3
852,817,1
852,15,2
852,816,2
852,5,3
852,155,2
852,814,2
852,10,4
852,811,3
852,815,3
852,815,3
852,24,2
852,4,2
852,813,2
852,155,2
852,20,3
852,3,2
852,13,3
852,808,2
852,814,2
852,17,2
852,16,2
852,30,3
852,22,3
852,15,2
852,18,3
852,13,3
852,5,3
852,10,4
852,816,2
852,22,3
853,155,2
853,22,2
853,811,3
853,817,2
853,15,2
853,814,2
853,30,2
853,67,2
853,18,2
853,1,2
853,155,2
853,4,2
853,813,2
853,811,3
853,20,2
853,153,2
853,10,2
853,13,2
853,5,2
853,15,2
853,814,2
853,22,2
853,18,2
853,817,2
853,4,2
853,1,2
853,20,2
853,5,2
853,30,2
853,813,2
853,10,2
853,67,2
853,811,3
853,13,2
853,153,2
854,817,3
854,3,3
854,4,3
854,30,2
854,811,4
854,13,4
854,1,5
854,16,2
854,813,3
854,67,3
854,5,3
854,811,4
854,17,3
854,22,2
854,13,4
854,1,5
854,24,4
854,20,3
854,18,3
854,815,2
854,1,5
854,155,4
854,15,3
854,808,3
854,817,3
854,816,2
854,153,3
854,814,2
854,15,3
854,3,3
854,30,2
854,13,4
854,153,3
854,4,3
854,813,3
854,5,3
854,24,4
854,17,3
854,816,2
854,814,2
854,16,2
854,3,3
854,815,2
854,817,3
854,811,4
854,1,5
854,20,3
854,155,4
854,18,3
854,808,3
854,22,2
854,67,3
854,153,3
854,155,4
854,13,4
854,813,3
854,15,3
854,17,3
854,24,4
854,18,3
854,1,5
854,5,3
854,20,3
854,808,3
854,4,3
854,67,3
854,24,4
854,811,4
854,155,4
855,1,3
855,16,3
855,24,3
855,20,3
855,30,3
855,18,3
855,4,3
855,17,3
855,814,3
855,155,2
855,5,3
855,13,3
855,67,1
855,15,3
855,817,3
855,22,3
855,3,3
855,10,3
855,816,3
855,811,2
855,813,3
855,153,2
855,808,2
855,20,3
855,17,3
855,18,3
855,10,3
855,815,2
855,4,3
855,1,3
855,13,3
855,5,3
855,817,3
855,16,3
855,816,3
855,30,3
855,814,3
855,155,2
855,22,3
855,3,3
855,24,3
855,15,3
855,813,3
855,20,3
855,17,3
855,1,3
855,814,3
855,811,2
855,18,3
855,13,3
855,153,2
855,24,3
855,4,3
855,815,2
855,16,3
855,22,3
855,5,3
855,10,3
855,15,3
855,816,3
855,808,2
855,817,3
855,30,3
855,3,3
855,813,3
856,24,3
856,155,3
856,22,2
856,814,2
856,15,2
856,18,2
856,3,2
856,811,2
856,5,2
856,17,2
856,13,2
856,808,1
856,30,1
856,67,2
856,1,2
856,4,2
856,20,2
856,16,2
856,813,3
856,815,3
856,10,2
856,817,2
856,816,2
856,153,2
856,24,3
856,813,3
856,155,3
856,3,2
856,813,3
856,811,2
856,814,2
856,22,2
856,1,2
856,17,2
856,20,2
856,18,2
856,13,2
856,16,2
856,67,2
856,815,3
856,15,2
856,4,2
856,153,2
856,5,2
856,816,2
856,24,3
856,10,2
856,817,2
856,155,3
856,815,3
857,815,2
857,10,1
857,22,2
857,15,3
857,814,3
857,808,2
857,16,2
857,17,2
857,4,2
857,1,3
857,153,2
857,13,3
857,3,2
857,18,2
857,30,2
857,67,1
857,20,2
857,814,3
857,5,2
857,811,2
857,39,2
857,816,2
857,1,3
857,817,3
857,15,3
857,13,3
857,13,3
857,817,3
857,808,2
857,815,2
857,16,2
857,22,2
857,17,2
857,4,2
857,814,3
857,5,2
857,3,2
857,1,3
857,18,2
857,153,2
857,20,2
857,30,2
857,39,2
857,811,2
857,816,2
857,15,3
857,817,3
858,811,3
858,815,2
858,155,2
858,13,2
858,153,2
858,1,2
858,4,2
858,18,2
858,16,2
858,30,2
858,5,2
858,17,3
858,3,2
858,15,2
858,808,2
858,22,2
858,817,2
858,811,3
858,24,1
858,813,2
858,10,2
858,814,1
858,815,2
858,813,2
858,155,2
858,22,2
858,17,3
858,153,2
858,18,2
858,16,2
858,811,3
858,808,2
858,1,2
858,5,2
858,13,2
858,30,2
858,817,2
858,4,2
858,15,2
858,10,2
858,3,2
858,17,3
859,30,3
859,811,4
859,808,3
859,16,3
859,18,3
859,4,3
859,1,3
859,3,2
859,22,3
859,20,3
859,814,2
859,813,1
859,5,3
859,17,3
859,811,4
859,67,2
859,815,2
859,816,2
859,817,2
859,13,2
859,155,2
859,153,2
859,24,2
859,10,1
859,15,2
859,811,4
859,808,3
859,18,3
859,16,3
859,5,3
859,1,3
859,30,3
859,22,3
859,4,3
859,17,3
859,20,3
859,814,2
859,3,2
859,67,2
859,816,2
859,817,2
859,15,2
859,155,2
859,1,3
859,815,2
859,13,2
859,16,3
859,808,3
859,24,2
859,153,2
859,811,4
859,5,3
859,18,3
859,30,3
859,4,3
859,22,3
859,17,3
859,20,3
860,811,3
860,817,3
860,13,3
860,3,2
860,4,2
860,155,2
860,814,2
860,17,2
860,5,3
860,18,2
860,20,2
860,813,2
860,1,2
860,808,1
860,8,2
860,818,2
860,10,2
860,819,3
860,817,3
860,815,1
860,13,3
860,811,3
860,3,2
860,814,2
860,4,2
860,5,3
860,18,2
860,1,2
860,155,2
860,819,3
860,20,2
860,17,2
860,813,2
860,8,2
860,818,2
860,10,2
860,13,3
860,5,3
860,817,3
860,811,3
860,819,3
861,815,3
861,811,4
861,814,3
861,13,4
861,10,3
861,819,3
861,18,5
861,4,3
861,807,3
861,817,4
861,808,3
861,5,4
861,1,3
861,17,3
861,20,4
861,3,4
861,813,4
861,8,3
861,155,3
861,30,3
861,811,4
861,18,5
861,3,4
861,8,3
861,155,3
861,37,3
861,808,3
861,10,3
861,811,4
861,1,3
861,4,3
861,17,3
861,13,4
861,814,3
861,813,4
861,30,3
861,817,4
861,5,4
861,815,3
861,20,4
861,818,2
861,807,3
861,819,3
861,39,2
861,18,5
861,813,4
861,37,3
861,5,4
861,18,5
861,817,4
861,3,4
861,13,4
861,817,4
861,39,2
861,13,4
861,5,4
861,17,3
861,814,3
861,811,4
861,30,3
861,813,4
861,3,4
861,18,5
861,808,3
861,10,3
861,4,3
861,819,3
861,20,4
861,8,3
861,818,2
861,807,3
861,155,3
861,37,3
861,815,3
861,1,3
861,20,4
862,4,3
862,8,2
862,818,3
862,5,3
862,811,2
862,808,2
862,807,2
862,5,3
862,20,2
862,154,2
862,37,2
862,814,2
862,813,2
862,817,2
862,39,2
862,3,2
862,17,3
862,815,2
862,10,2
862,819,3
862,1,3
862,4,3
862,155,3
862,18,3
862,13,2
862,818,3
862,819,3
862,17,3
862,155,3
862,20,2
862,807,2
862,8,2
862,1,3
862,808,2
862,18,3
862,154,2
862,814,2
862,813,2
862,818,3
862,30,1
862,4,3
862,811,2
862,5,3
862,3,2
862,815,2
862,39,2
862,817,2
862,37,2
862,13,2
862,10,2
862,819,3
862,17,3
862,1,3
862,18,3
862,155,3
863,5,4
863,817,3
863,18,4
863,13,3
863,3,3
863,1,3
863,17,3
863,4,3
863,815,3
863,811,3
863,30,3
863,807,3
863,37,3
863,154,3
863,818,3
863,808,3
863,10,3
863,39,4
863,20,3
863,8,3
863,813,2
863,819,1
863,5,4
863,814,2
863,155,3
863,807,3
863,815,3
863,39,4
863,18,4
863,3,3
863,13,3
863,37,3
863,17,3
863,1,3
863,4,3
863,813,2
863,30,3
863,808,3
863,817,3
863,10,3
863,8,3
863,811,3
863,20,3
863,154,3
863,818,3
863,5,4
863,155,3
863,814,2
863,39,4
863,3,3
863,1,3
863,807,3
863,18,4
863,4,3
863,815,3
863,30,3
863,13,3
863,811,3
863,817,3
863,5,4
863,20,3
863,8,3
863,17,3
863,10,3
863,808,3
863,37,3
863,154,3
863,818,3
863,39,4
863,155,3
863,18,4
864,815,3
864,17,3
864,20,4
864,155,3
864,3,3
864,18,3
864,814,3
864,4,3
864,154,3
864,30,1
864,818,3
864,13,4
864,807,3
864,808,3
864,37,4
864,813,3
864,8,3
864,817,3
864,39,2
864,5,3
864,1,2
864,10,3
864,819,2
864,17,3
864,815,3
864,807,3
864,37,4
864,3,3
864,39,2
864,814,3
864,818,3
864,813,3
864,18,3
864,817,3
864,4,3
864,154,3
864,155,3
864,10,3
864,8,3
864,20,4
864,5,3
864,819,2
864,13,4
864,808,3
864,13,4
864,20,4
864,1,2
864,37,4
864,815,3
864,18,3
864,807,3
864,817,3
864,3,3
864,17,3
864,818,3
864,813,3
864,155,3
864,20,4
864,814,3
864,4,3
864,5,3
864,808,3
864,13,4
864,8,3
864,10,3
864,154,3
864,37,4
865,155,1
865,808,1
865,818,2
865,3,1
865,17,1
865,1,1
865,8,1
865,807,1
865,811,1
865,39,2
865,4,1
865,5,2
865,10,2
865,13,1
865,819,1
865,30,1
865,815,2
865,814,1
865,18,1
865,815,2
865,817,1
865,20,1
865,10,2
865,818,2
865,5,2
865,39,2
866,13,2
866,814,2
866,30,2
866,18,3
866,20,2
866,818,3
866,1,2
866,17,2
866,817,2
866,5,2
866,808,2
866,4,1
866,3,2
866,154,1
866,807,2
866,811,1
866,155,1
866,10,1
866,819,1
866,813,1
866,18,3
866,3,2
866,8,1
866,815,1
866,807,2
866,5,2
866,30,2
866,818,3
866,808,2
866,814,2
866,818,3
866,1,2
866,17,2
866,18,3
866,13,2
866,817,2
866,20,2
867,18,2
867,815,2
867,13,4
867,819,2
867,5,2
867,1,2
867,808,4
867,155,2
867,8,2
867,813,2
867,807,2
867,817,2
867,37,2
867,4,2
867,39,3
867,20,2
867,154,2
867,818,1
867,30,2
867,17,2
867,3,2
867,155,2
867,811,2
867,814,1
867,811,2
867,815,2
867,808,4
867,18,2
867,13,4
867,5,2
867,154,2
867,1,2
867,4,2
867,8,2
867,813,2
867,807,2
867,808,4
867,20,2
867,37,2
867,819,2
867,39,3
867,13,4
867,817,2
867,17,2
867,39,3
867,30,2
867,3,2
867,808,4
867,13,4
868,819,2
868,17,2
868,813,2
868,13,2
868,8,2
868,819,2
868,17,2
868,811,2
868,818,2
868,4,2
868,3,2
868,155,2
868,807,2
868,18,2
868,817,2
868,39,2
868,10,2
868,1,2
868,154,2
868,37,1
868,1,2
868,817,2
868,5,2
868,811,2
868,20,2
868,18,2
868,818,2
868,814,1
868,154,2
868,20,2
868,813,2
868,815,1
868,30,2
868,5,2
868,8,2
868,30,2
868,13,2
868,807,2
868,39,2
868,4,2
868,155,2
868,3,2
868,10,2
869,13,3
869,811,3
869,154,3
869,1,3
869,818,3
869,814,2
869,8,2
869,807,3
869,17,2
869,3,3
869,813,3
869,5,4
869,30,3
869,808,3
869,815,2
869,4,2
869,18,2
869,817,2
869,10,2
869,20,2
869,37,2
869,819,2
869,155,2
869,39,2
869,13,3
869,154,3
869,811,3
869,818,3
869,807,3
869,5,4
869,1,3
869,3,3
869,808,3
869,30,3
869,8,2
869,813,3
869,817,2
869,814,2
869,18,2
869,815,2
869,17,2
869,4,2
869,20,2
869,10,2
869,154,3
869,155,2
869,819,2
869,5,4
869,818,3
869,807,3
869,37,2
869,13,3
869,1,3
869,39,2
869,811,3
869,3,3
869,808,3
869,30,3
869,5,4
869,813,3
870,30,3
870,30,3
870,155,2
870,818,4
870,817,3
870,18,3
870,807,2
870,813,3
870,811,2
870,3,2
870,814,2
870,20,3
870,4,2
870,5,3
870,1,2
870,13,2
870,808,3
870,39,2
870,154,2
870,10,2
870,8,2
870,17,3
870,819,2
870,815,2
870,37,2
870,818,4
870,30,3
870,18,3
870,817,3
870,808,3
870,5,3
870,20,3
870,814,2
870,154,2
870,17,3
870,807,2
870,1,2
870,819,2
870,3,2
870,155,2
870,39,2
870,813,3
870,10,2
870,811,2
870,37,2
870,4,2
870,13,2
870,8,2
870,18,3
870,818,4
870,815,2
870,817,3
870,808,3
870,813,3
870,17,3
870,5,3
870,20,3
870,818,4
871,37,3
871,155,3
871,813,1
871,155,3
871,814,2
871,8,2
871,17,2
871,10,2
871,817,2
871,13,2
871,808,2
871,807,2
871,5,2
871,39,2
871,818,2
871,37,3
871,811,2
871,819,1
871,30,2
871,18,1
871,3,2
871,20,1
871,155,3
871,10,2
871,814,2
871,808,2
871,807,2
871,17,2
871,13,2
871,37,3
871,5,2
871,8,2
871,817,2
871,39,2
871,818,2
871,30,2
871,3,2
871,811,2
872,10,2
872,813,2
872,3,2
872,30,2
872,8,1
872,5,2
872,819,2
872,13,1
872,808,2
872,20,2
872,4,1
872,155,1
872,17,1
872,814,1
872,18,1
872,37,1
872,1,1
872,39,1
872,817,1
872,811,1
872,807,1
872,816,1
872,815,1
872,10,2
872,20,2
872,813,2
872,819,2
872,30,2
872,3,2
872,5,2
872,808,2
873,10,2
873,5,3
873,17,3
873,813,3
873,4,2
873,155,3
873,808,4
873,37,3
873,817,2
873,8,2
873,20,2
873,18,2
873,819,2
873,814,2
873,3,2
873,154,2
873,813,3
873,30,2
873,811,3
873,13,3
873,17,3
873,807,3
873,815,2
873,808,4
873,37,3
873,5,3
873,155,3
873,807,3
873,808,4
873,13,3
873,17,3
873,20,2
873,811,3
873,4,2
873,30,2
873,817,2
873,1,1
873,814,2
873,3,2
873,818,2
873,5,3
873,813,3
873,8,2
873,10,2
873,18,2
873,154,2
873,155,3
873,819,2
873,807,3
873,815,2
873,37,3
873,808,4
873,13,3
873,39,1
873,818,2
873,811,3
874,154,3
874,811,4
874,17,2
874,154,3
874,18,2
874,8,2
874,807,2
874,814,2
874,155,2
874,819,2
874,815,1
874,39,1
874,1,2
874,813,2
874,811,4
874,20,2
874,13,2
874,817,2
874,30,2
874,37,2
874,5,2
874,818,2
874,808,3
874,10,2
874,811,4
874,154,3
874,17,2
874,8,2
874,155,2
874,1,2
874,807,2
874,819,2
874,814,2
874,813,2
874,817,2
874,811,4
874,18,2
874,818,2
874,13,2
874,30,2
874,20,2
874,37,2
874,10,2
874,5,2
874,808,3
874,808,3
875,155,2
875,155,2
875,1,3
875,807,2
875,154,2
875,30,2
875,818,2
875,5,2
875,17,2
875,13,2
875,8,2
875,817,2
875,811,2
875,808,2
875,10,2
875,20,2
875,4,2
875,814,2
875,819,2
875,815,2
875,39,1
875,813,1
875,1,3
875,814,2
875,154,2
875,10,2
875,17,2
875,807,2
875,30,2
875,811,2
875,808,2
875,815,2
875,5,2
875,4,2
875,817,2
875,20,2
875,13,2
875,8,2
875,819,2
875,818,2
875,1,3
876,818,2
876,30,2
876,815,2
876,815,2
876,18,1
876,811,1
876,39,1
876,8,1
876,3,1
876,813,2
876,817,1
876,13,1
876,807,1
876,814,1
876,819,1
876,4,1
876,17,1
876,813,2
876,808,1
876,10,1
876,1,1
876,5,1
876,20,1
876,37,1
876,818,2
876,30,2
876,154,1
876,155,1
877,3,1
877,154,2
877,814,3
877,818,2
877,154,2
877,814,3
877,20,2
877,155,1
877,13,1
877,817,2
877,819,1
877,30,2
877,10,1
877,808,1
877,4,1
877,5,1
877,37,1
877,18,1
877,813,1
877,815,3
877,17,1
877,8,1
877,811,1
877,818,2
877,20,2
877,815,3
877,817,2
877,814,3
877,30,2
877,815,3
878,154,1
878,155,1
878,30,2
878,807,1
878,1,1
878,4,1
878,811,1
878,20,1
878,814,2
878,813,1
878,5,1
878,10,1
878,815,1
878,808,1
878,8,1
878,37,1
878,39,1
878,13,1
878,819,1
878,817,1
878,814,2
878,3,1
878,18,1
878,30,2
879,8,3
879,30,4
879,155,3
879,30,4
879,3,4
879,817,5
879,17,3
879,1,2
879,4,3
879,20,4
879,814,3
879,39,4
879,819,3
879,10,4
879,808,3
879,37,4
879,13,3
879,818,4
879,5,5
879,30,4
879,1,2
879,4,3
879,155,3
879,3,4
879,814,3
879,20,4
879,17,3
879,817,5
879,8,3
879,13,3
879,10,4
879,808,3
879,5,5
879,37,4
879,818,4
879,819,3
879,39,4
879,3,4
879,807,3
879,18,2
879,818,4
879,10,4
879,5,5
879,3,4
879,37,4
879,817,5
879,39,4
879,20,4
879,8,3
879,155,3
879,30,4
879,20,4
879,808,3
879,13,3
879,17,3
879,819,3
879,4,3
879,818,4
879,37,4
879,817,5
879,18,2
879,39,4
879,807,3
879,5,5
879,10,4
879,814,3
879,807,3
879,5,5
879,817,5
880,18,3
880,17,3
880,154,3
880,821,2
880,822,3
880,820,3
880,20,3
880,823,3
880,13,3
880,814,2
880,819,2
880,4,3
880,8,2
880,818,3
880,824,3
880,813,1
880,1,3
880,3,1
880,817,2
880,815,3
880,823,3
880,17,3
880,154,3
880,820,3
880,4,3
880,18,3
880,16,2
880,20,3
880,13,3
880,815,3
880,818,3
880,822,3
880,821,2
880,824,3
880,817,2
880,1,3
880,814,2
880,8,2
880,819,2
880,823,3
880,820,3
880,13,3
880,20,3
880,18,3
880,154,3
880,17,3
880,4,3
880,822,3
880,815,3
880,1,3
880,818,3
880,16,2
880,824,3
881,20,4
881,13,4
881,16,2
881,817,3
881,8,3
881,814,2
881,813,3
881,823,4
881,824,4
881,822,3
881,820,4
881,17,4
881,1,4
881,18,3
881,807,4
881,815,4
881,154,3
881,821,4
881,818,3
881,819,4
881,3,4
881,813,3
881,824,4
881,823,4
881,17,4
881,817,3
881,820,4
881,13,4
881,154,3
881,819,4
881,1,4
881,18,3
881,807,4
881,8,3
881,20,4
881,3,4
881,815,4
881,821,4
881,822,3
881,818,3
881,823,4
881,824,4
881,1,4
881,17,4
881,3,4
881,20,4
881,820,4
881,813,3
881,819,4
881,13,4
881,815,4
881,817,3
881,807,4
881,8,3
881,154,3
881,821,4
881,822,3
881,1,4
881,20,4
881,3,4
881,820,4
881,17,4
881,823,4
881,818,3
881,824,4
881,807,4
881,819,4
881,13,4
881,821,4
881,815,4
882,17,2
882,817,3
882,1,3
882,3,3
882,819,3
882,4,3
882,8,3
882,824,3
882,823,3
882,13,3
882,154,3
882,813,3
882,820,3
882,807,3
882,20,3
882,814,3
882,17,2
882,818,3
882,822,3
882,824,3
882,819,3
882,13,3
882,3,3
882,3,3
882,823,3
882,1,3
882,8,3
882,820,3
882,4,3
882,18,2
882,154,3
882,817,3
882,813,3
882,815,2
882,807,3
882,20,3
882,815,2
882,814,3
882,824,3
882,819,3
882,820,3
882,8,3
882,822,3
882,807,3
882,13,3
882,1,3
882,154,3
882,818,3
882,823,3
882,817,3
882,813,3
882,4,3
882,818,3
882,18,2
882,20,3
882,822,3
882,814,3
883,821,4
883,16,3
883,823,5
883,818,1
883,4,4
883,17,3
883,154,3
883,4,4
883,3,4
883,18,4
883,817,3
883,824,4
883,20,3
883,13,4
883,815,3
883,1,3
883,813,3
883,820,4
883,819,3
883,807,3
883,822,3
883,814,2
883,823,5
883,8,2
883,821,4
883,13,4
883,16,3
883,3,4
883,815,3
883,17,3
883,18,4
883,1,3
883,824,4
883,813,3
883,819,3
883,820,4
883,4,4
883,20,3
883,823,5
883,817,3
883,807,3
883,154,3
883,13,4
883,822,3
883,3,4
883,821,4
883,8,2
883,18,4
883,819,3
883,814,2
883,13,4
883,824,4
883,17,3
883,820,4
883,1,3
883,815,3
883,4,4
883,813,3
883,823,5
883,807,3
883,817,3
883,20,3
883,154,3
883,16,3
883,821,4
883,3,4
883,18,4
883,820,4
883,822,3
883,823,5
883,824,4
884,824,4
884,17,4
884,13,4
884,807,6
884,813,5
884,819,3
884,4,4
884,1,4
884,814,4
884,818,4
884,823,2
884,822,3
884,3,3
884,20,4
884,8,3
884,815,4
884,817,4
884,18,3
884,821,4
884,813,5
884,820,3
884,824,4
884,814,4
884,13,4
884,17,4
884,818,4
884,813,5
884,823,2
884,4,4
884,807,6
884,16,4
884,815,4
884,819,3
884,20,4
884,817,4
884,1,4
884,822,3
884,8,3
884,3,3
884,821,4
884,18,3
884,824,4
884,820,3
884,807,6
884,818,4
884,807,6
884,813,5
884,4,4
884,13,4
884,17,4
884,1,4
884,16,4
884,818,4
884,814,4
884,815,4
884,807,6
884,20,4
884,817,4
884,819,3
884,821,4
884,822,3
884,8,3
884,18,3
884,824,4
884,3,3
884,820,3
884,4,4
884,16,4
884,17,4
884,815,4
884,1,4
884,13,4
884,20,4
884,817,4
884,814,4
884,813,5
884,807,6
884,821,4
885,813,2
885,823,3
885,814,1
885,817,1
885,824,2
885,820,3
885,823,3
885,17,1
885,8,2
885,18,1
885,13,1
885,807,1
885,4,1
885,821,2
885,815,1
885,818,1
885,20,1
885,16,1
885,822,1
885,154,2
885,813,2
885,3,1
885,1,1
885,824,2
885,823,3
885,820,3
885,154,2
885,821,2
885,820,3
885,8,2
881,814,2
881,16,2
881,18,3
884,16,4
886,823,4
886,16,3
886,819,2
886,817,2
886,807,2
886,813,3
886,17,2
886,818,2
886,815,2
886,3,3
886,822,2
886,20,2
886,4,2
886,13,2
886,813,3
886,1,2
886,821,2
886,8,1
886,18,1
886,3,3
886,823,4
886,819,2
886,16,3
886,807,2
886,820,1
886,817,2
886,823,4
886,822,2
886,13,2
886,824,1
886,823,4
886,154,2
886,815,2
886,17,2
886,4,2
886,1,2
886,20,2
886,813,3
886,154,2
886,814,1
886,3,3
886,818,2
886,16,3
886,821,2
887,1,2
887,154,3
887,814,3
887,4,3
887,17,3
887,821,4
887,823,3
887,13,4
887,8,2
887,817,2
887,18,2
887,824,2
887,3,3
887,16,2
887,807,3
887,820,2
887,20,2
887,815,2
887,818,2
887,813,2
887,822,2
887,819,2
887,13,4
887,807,3
887,818,2
887,821,4
887,823,3
887,8,2
887,821,4
887,4,3
887,154,3
887,17,3
887,817,2
887,18,2
887,820,2
887,16,2
887,815,2
887,814,3
887,824,2
887,3,3
887,819,2
887,20,2
887,1,2
887,13,4
887,813,2
887,807,3
887,822,2
887,821,4
887,823,3
887,4,3
887,3,3
887,17,3
887,154,3
887,814,3
887,13,4
888,814,2
888,818,1
888,819,3
888,817,3
888,16,3
888,823,3
888,824,2
888,1,3
888,821,3
888,20,3
888,815,2
888,17,3
888,8,3
888,820,4
888,4,3
888,154,3
888,3,3
888,807,3
888,817,3
888,824,2
888,823,3
888,820,4
888,18,2
888,813,2
888,1,3
888,822,2
888,821,3
888,20,3
888,154,3
888,8,3
888,4,3
888,815,2
888,16,3
888,814,2
888,3,3
888,17,3
888,819,3
888,820,4
888,819,3
888,807,3
888,820,4
888,17,3
888,823,3
888,154,3
888,817,3
888,20,3
888,821,3
888,16,3
888,1,3
888,18,2
888,3,3
888,8,3
888,4,3
888,807,3
888,813,2
888,822,2
890,818,3
890,823,3
890,1,3
890,813,3
890,814,3
890,817,2
890,3,3
890,822,2
890,20,3
890,13,3
890,807,3
890,4,3
890,154,4
890,8,2
890,819,2
890,824,3
890,820,3
890,17,3
890,815,2
890,821,1
890,18,2
890,154,4
890,814,3
890,823,3
890,813,3
890,3,3
890,818,3
890,1,3
890,13,3
890,822,2
890,20,3
890,4,3
890,824,3
890,807,3
890,820,3
890,154,4
890,18,2
890,815,2
890,817,2
890,819,2
890,807,3
890,8,2
890,17,3
890,823,3
890,154,4
890,824,3
890,4,3
890,13,3
890,3,3
890,814,3
890,1,3
890,818,3
890,813,3
890,820,3
890,20,3
890,17,3
891,807,2
891,13,2
891,814,2
891,818,2
891,1,2
891,16,2
891,813,3
891,3,2
891,4,2
891,17,2
891,815,2
891,20,2
891,8,1
891,822,2
891,824,2
891,823,2
891,820,3
891,817,2
891,18,2
891,815,2
891,821,3
891,154,1
891,807,2
891,818,2
891,3,2
891,814,2
891,1,2
891,13,2
891,16,2
891,813,3
891,4,2
891,821,3
891,822,2
891,824,2
891,17,2
891,823,2
891,20,2
891,820,3
891,817,2
891,820,3
891,18,2
891,813,3
891,821,3
892,8,2
892,1,2
892,819,2
892,823,2
892,154,1
892,18,1
892,817,1
892,815,1
892,824,1
892,20,1
892,17,1
892,820,1
892,13,1
892,807,1
892,16,1
892,813,1
892,822,1
892,3,1
892,4,1
892,821,1
892,8,2
892,1,2
892,819,2
892,823,2
893,4,2
893,154,3
893,13,3
893,18,2
893,8,2
893,815,2
893,807,2
893,821,2
893,16,3
893,813,3
893,819,3
893,823,3
893,154,3
893,818,3
893,17,2
893,16,3
893,824,4
893,3,2
893,813,3
893,820,3
893,814,2
893,13,3
893,822,3
893,823,3
893,1,2
893,20,2
893,819,3
893,8,2
893,824,4
893,821,2
893,818,3
893,819,3
893,820,3
893,824,4
893,13,3
893,16,3
893,17,2
893,18,2
893,807,2
893,823,3
893,822,3
893,4,2
893,815,2
893,3,2
893,154,3
893,1,2
893,817,1
893,813,3
893,20,2
893,814,2
893,824,4
893,818,3
893,822,3
893,820,3
894,16,4
894,18,2
894,13,2
894,813,2
894,814,2
894,821,2
894,822,2
894,1,2
894,4,2
894,819,2
894,154,2
894,3,2
894,807,2
894,815,2
894,823,3
894,824,2
894,20,2
894,8,2
894,823,3
894,17,3
894,818,3
894,820,2
894,817,2
894,18,2
894,813,2
894,814,2
894,818,3
894,8,2
894,807,2
894,3,2
894,4,2
894,16,4
894,822,2
894,1,2
894,13,2
894,17,3
894,20,2
894,819,2
894,154,2
894,824,2
894,820,2
894,823,3
894,817,2
894,17,3
894,821,2
894,815,2
894,818,3
894,16,4
894,16,4
895,819,3
895,1,1
895,818,3
895,18,3
895,822,2
895,16,2
895,821,2
895,813,2
895,807,2
895,814,2
895,17,3
895,13,3
895,8,2
895,820,2
895,154,2
895,3,4
895,815,3
895,4,2
895,20,2
895,3,4
895,819,3
895,817,3
895,818,3
895,18,3
895,3,4
895,17,3
895,814,2
895,822,2
895,16,2
895,13,3
895,813,2
895,154,2
895,807,2
895,820,2
895,4,2
895,821,2
895,815,3
895,8,2
895,817,3
895,13,3
895,819,3
895,20,2
895,818,3
895,3,4
895,18,3
895,17,3
895,815,3
895,817,3
896,814,2
896,818,2
896,819,2
896,20,2
896,4,3
896,807,3
896,824,2
896,18,3
896,3,2
896,8,2
896,13,2
896,1,2
896,813,2
896,18,3
896,154,1
896,821,3
896,819,2
896,821,3
896,818,2
896,3,2
896,17,2
896,815,2
896,820,2
896,13,2
896,1,2
896,814,2
896,4,3
896,20,2
896,822,2
896,17,2
896,18,3
896,817,2
896,815,2
896,807,3
896,824,2
896,4,3
896,817,2
896,813,2
896,16,1
896,821,3
896,822,2
896,807,3
896,820,2
896,8,2
897,18,2
897,813,2
897,824,2
897,815,2
897,820,2
897,1,2
897,817,2
897,823,2
897,17,2
897,154,2
897,819,2
897,807,3
897,3,2
897,18,2
897,20,2
897,4,2
897,818,2
897,13,2
897,821,2
897,814,1
897,822,2
897,813,2
897,807,3
897,815,2
897,16,1
897,817,2
897,1,2
897,821,2
897,824,2
897,819,2
897,17,2
897,3,2
897,820,2
897,823,2
897,807,3
897,20,2
897,154,2
897,13,2
897,4,2
897,822,2
897,818,2
898,821,2
898,820,2
898,813,1
898,5,2
898,18,1
898,819,2
898,13,2
898,824,1
898,823,1
898,815,1
898,814,2
898,3,1
898,817,1
898,822,1
898,1,1
898,4,1
898,20,1
898,820,2
898,807,1
898,818,1
898,17,1
898,154,1
898,5,2
898,821,2
898,13,2
898,814,2
898,819,2
899,818,3
899,817,2
899,5,2
899,822,2
899,16,3
899,13,3
899,815,2
899,18,2
899,807,2
899,814,2
899,4,2
899,1,3
899,824,2
899,3,2
899,821,2
899,17,2
899,813,2
899,20,2
899,823,3
899,819,1
899,820,3
899,818,3
899,13,3
899,5,2
899,16,3
899,822,2
899,817,2
899,18,2
899,13,3
899,813,2
899,3,2
899,815,2
899,807,2
899,20,2
899,17,2
899,818,3
899,4,2
899,1,3
899,814,2
899,821,2
899,823,3
899,824,2
899,820,3
899,1,3
899,823,3
899,16,3
899,820,3
900,154,2
900,821,2
900,815,3
900,18,2
900,815,3
900,3,2
900,817,2
900,825,2
900,807,2
900,4,2
900,8,2
900,818,2
900,826,2
900,828,1
900,820,2
900,824,2
900,154,2
900,813,1
900,821,2
900,18,2
900,815,3
900,807,2
900,818,2
900,4,2
900,817,2
900,8,2
900,826,2
900,825,2
900,3,2
900,820,2
900,824,2
900,822,2
900,16,1
900,822,2
901,824,1
901,818,2
901,8,3
901,825,3
901,826,3
901,821,2
901,820,3
901,4,3
901,16,2
901,828,3
901,817,5
901,13,3
901,154,3
901,20,3
901,18,3
901,3,3
901,822,3
901,1,3
901,155,2
901,807,2
901,818,2
901,8,3
901,826,3
901,821,2
901,825,3
901,16,2
901,18,3
901,154,3
901,828,3
901,4,3
901,13,3
901,820,3
901,817,5
901,822,3
901,20,3
901,155,2
901,3,3
901,1,3
901,807,2
901,826,3
901,8,3
901,828,3
901,18,3
901,825,3
901,817,5
901,154,3
901,4,3
901,820,3
901,13,3
901,817,5
901,822,3
901,817,5
901,20,3
901,3,3
901,1,3
902,818,2
902,16,2
902,822,3
902,826,3
902,824,5
902,828,2
902,820,3
902,4,3
902,821,2
902,13,3
902,8,3
902,154,3
902,824,5
902,825,3
902,16,2
902,818,2
902,807,2
902,155,2
902,815,2
902,20,2
902,18,2
902,817,2
902,1,2
902,813,4
902,824,5
902,3,2
902,826,3
902,822,3
902,825,3
902,828,2
902,821,2
902,13,3
902,4,3
902,154,3
902,820,3
902,824,5
902,8,3
902,815,2
902,20,2
902,807,2
902,18,2
902,817,2
902,155,2
902,154,3
902,13,3
902,825,3
902,813,4
902,826,3
902,822,3
902,1,2
902,3,2
902,813,4
902,820,3
902,4,3
902,8,3
902,824,5
902,813,4
903,18,2
903,154,1
903,13,2
903,8,2
903,815,2
903,828,3
903,4,2
903,807,2
903,155,3
903,813,2
903,824,2
903,20,2
903,822,2
903,820,3
903,3,2
903,826,2
903,821,3
903,817,2
903,818,2
903,1,2
903,825,2
903,821,3
903,828,3
903,18,2
903,824,2
903,815,2
903,155,3
903,807,2
903,822,2
903,8,2
903,826,2
903,825,2
903,13,2
903,818,2
903,813,2
903,4,2
903,820,3
903,20,2
903,3,2
903,817,2
903,1,2
903,821,3
903,155,3
903,828,3
903,820,3
904,20,3
904,817,2
904,154,2
904,13,3
904,813,2
904,4,3
904,818,1
904,8,2
904,807,2
904,18,2
904,16,2
904,820,3
904,1,2
904,815,2
904,826,3
904,821,3
904,828,2
904,825,2
904,822,2
904,3,2
904,824,2
904,155,1
904,13,3
904,820,3
904,20,3
904,154,2
904,4,3
904,16,2
904,807,2
904,18,2
904,826,3
904,821,3
904,815,2
904,813,2
904,828,2
904,825,2
904,824,2
904,1,2
904,8,2
904,820,3
904,3,2
904,817,2
904,822,2
904,13,3
904,20,3
904,821,3
904,4,3
904,826,3
905,154,2
905,16,1
905,20,1
905,154,2
905,820,3
905,18,1
905,821,1
905,155,2
905,824,1
905,3,1
905,1,1
905,828,2
905,8,3
905,817,1
905,4,1
905,825,1
905,818,2
905,807,1
905,822,1
905,8,3
905,820,3
905,818,2
905,13,1
905,828,2
905,155,2
905,820,3
905,8,3
906,821,3
906,821,3
906,154,2
906,817,2
906,822,2
906,18,2
906,20,2
906,13,2
906,818,2
906,825,2
906,16,2
906,4,2
906,8,2
906,3,2
906,1,2
906,826,2
906,821,3
906,815,1
906,822,2
906,20,2
906,817,2
906,18,2
906,818,2
906,8,2
906,16,2
906,807,1
906,3,2
906,4,2
906,1,2
906,825,2
906,154,2
906,826,2
906,13,2
907,154,2
907,818,2
907,807,2
907,825,2
907,826,1
907,817,2
907,3,2
907,16,2
907,821,3
907,1,2
907,13,2
907,4,2
907,155,1
907,822,2
907,8,2
907,20,2
907,821,3
907,813,2
907,18,2
907,154,2
907,828,2
907,815,2
907,20,2
907,820,1
907,1,2
907,807,2
907,818,2
907,3,2
907,825,2
907,822,2
907,824,1
907,13,2
907,817,2
907,16,2
907,828,2
907,8,2
907,821,3
907,4,2
907,815,2
907,813,2
907,18,2
908,820,2
908,20,2
908,826,2
908,817,1
908,3,1
908,155,2
908,16,1
908,1,2
908,4,1
908,815,1
908,813,1
908,825,1
908,818,1
908,18,1
908,807,1
908,824,1
908,155,2
908,154,1
908,822,1
908,820,2
908,20,2
908,826,2
908,1,2
909,825,3
909,828,3
909,826,2
909,4,3
909,18,3
909,817,3
909,818,3
909,20,3
909,807,2
909,815,3
909,821,3
909,3,2
909,822,2
909,155,3
909,16,3
909,820,3
909,813,2
909,828,3
909,8,3
909,824,2
909,154,1
909,1,3
909,825,3
909,18,3
909,821,3
909,16,3
909,826,2
909,155,3
909,820,3
909,4,3
909,20,3
909,8,3
909,815,3
909,817,3
909,818,3
909,813,2
909,807,2
909,822,2
909,3,2
909,1,3
909,828,3
909,20,3
909,824,2
909,817,3
909,16,3
909,820,3
909,155,3
909,818,3
909,1,3
909,821,3
909,815,3
909,825,3
909,8,3
909,4,3
909,18,3
910,18,3
910,817,3
910,807,1
910,13,3
910,818,2
910,815,1
910,821,1
910,16,2
910,1,2
910,8,2
910,154,1
910,826,2
910,155,1
910,820,2
910,813,3
910,3,3
910,822,3
910,20,2
910,4,2
910,824,3
910,18,3
910,825,2
910,813,3
910,824,3
910,817,3
910,13,3
910,822,3
910,826,2
910,3,3
910,20,2
910,818,2
910,18,3
910,4,2
910,1,2
910,16,2
910,825,2
910,8,2
910,824,3
910,813,3
910,13,3
910,820,2
910,817,3
910,3,3
910,822,3
911,154,3
911,824,2
911,1,3
911,3,3
911,8,2
911,815,2
911,13,3
911,20,3
911,826,2
911,807,2
911,817,2
911,825,2
911,16,3
911,828,2
911,820,2
911,822,2
911,4,2
911,18,2
911,154,3
911,821,2
911,818,2
911,1,3
911,3,3
911,8,2
911,13,3
911,16,3
911,20,3
911,815,2
911,825,2
911,824,2
911,826,2
911,828,2
911,4,2
911,817,2
911,154,3
911,822,2
911,18,2
911,818,2
911,820,2
911,807,2
911,821,2
911,1,3
911,3,3
911,20,3
911,16,3
911,13,3
912,821,3
912,20,1
912,815,1
912,807,1
912,8,1
912,154,1
912,825,1
912,4,1
912,813,1
912,18,1
912,155,1
912,13,1
912,3,1
912,822,1
912,818,1
912,16,1
912,1,1
912,817,1
912,824,1
912,826,1
912,828,1
912,821,3
912,821,3
913,818,3
913,16,3
913,20,2
913,8,3
913,807,3
913,1,3
913,825,3
913,817,2
913,815,4
913,154,3
913,813,4
913,815,4
913,824,3
913,4,3
913,828,2
913,18,2
913,8,3
913,807,3
913,16,3
913,813,4
913,820,3
913,826,3
913,818,3
913,815,4
913,824,3
913,825,3
913,1,3
913,16,3
913,807,3
913,13,2
913,826,3
913,154,3
913,8,3
913,822,2
913,818,3
913,813,4
913,20,2
913,4,3
913,817,2
913,828,2
913,1,3
913,825,3
913,18,2
913,815,4
913,821,1
913,824,3
913,820,3
913,820,3
913,13,2
913,154,3
913,822,2
913,826,3
913,813,4
913,4,3
914,3,3
914,1,3
914,822,3
914,13,3
914,4,1
914,817,3
914,825,5
914,18,4
914,20,3
914,8,5
914,815,4
914,826,4
914,807,4
914,16,4
914,821,3
914,154,5
914,824,3
914,155,5
914,818,3
914,820,3
914,813,4
914,828,4
914,18,4
914,813,4
914,822,3
914,817,3
914,825,5
914,8,5
914,815,4
914,826,4
914,821,3
914,154,5
914,155,5
914,818,3
914,828,4
914,820,3
914,13,3
914,20,3
914,807,4
914,16,4
914,3,3
914,824,3
914,1,3
914,825,5
914,818,3
914,154,5
914,16,4
914,813,4
914,8,5
914,826,4
914,820,3
914,824,3
914,815,4
914,828,4
914,807,4
914,155,5
914,20,3
914,18,4
914,16,4
914,3,3
914,825,5
914,821,3
914,8,5
914,154,5
914,1,3
914,817,3
914,13,3
914,822,3
914,155,5
914,826,4
914,828,4
914,155,5
914,813,4
914,825,5
914,18,4
914,807,4
914,815,4
914,8,5
914,154,5
915,3,1
915,13,2
915,820,1
915,817,1
915,16,1
915,826,2
915,154,1
915,813,1
915,18,1
915,818,1
915,807,1
915,4,1
915,815,1
915,822,1
915,825,1
915,8,1
915,1,1
915,13,2
915,828,2
915,20,1
915,826,2
915,821,1
915,828,2
916,825,2
916,807,1
916,18,2
916,821,3
916,20,4
916,20,4
916,13,2
916,817,2
916,3,2
916,822,2
916,813,2
916,818,2
916,1,2
916,4,2
916,154,2
916,8,3
916,821,3
916,826,3
916,20,4
916,825,2
916,18,2
916,154,2
916,818,2
916,822,2
916,817,2
916,13,2
916,1,2
916,3,2
916,813,2
916,821,3
916,826,3
916,8,3
916,4,2
916,20,4
916,826,3
916,8,3
917,813,3
917,13,3
917,815,3
917,822,3
917,18,3
917,20,3
917,3,3
917,825,3
917,4,3
917,817,2
917,1,3
917,821,3
917,8,2
917,818,3
917,807,3
917,826,3
917,16,3
917,20,3
917,154,3
917,13,3
917,815,3
917,3,3
917,822,3
917,825,3
917,18,3
917,817,2
917,821,3
917,818,3
917,813,3
917,1,3
917,4,3
917,8,2
917,807,3
917,826,3
917,16,3
917,154,3
917,822,3
917,813,3
917,818,3
917,825,3
917,815,3
917,20,3
917,821,3
917,3,3
917,16,3
917,13,3
917,18,3
917,1,3
917,4,3
917,826,3
917,154,3
917,807,3
918,154,3
918,4,2
918,16,3
918,18,2
918,826,1
918,8,2
918,821,2
918,813,1
918,154,3
918,1,2
918,822,2
918,3,2
918,13,2
918,818,3
918,815,2
918,829,2
918,807,2
918,155,2
918,825,2
918,20,2
918,154,3
918,16,3
918,8,2
918,817,2
918,4,2
918,18,2
918,821,2
918,825,2
918,818,3
918,1,2
918,3,2
918,822,2
918,155,2
918,807,2
918,16,3
918,829,2
918,815,2
918,13,2
918,818,3
918,20,2
918,817,2
926,828,3
926,8,2
926,13,1
926,807,2
926,817,1
926,20,1
926,832,1
926,1,1
926,831,1
926,3,1
926,828,3
926,18,1
926,830,1
926,815,1
926,8,2
926,828,3
926,807,2
927,813,3
927,831,4
927,8,3
927,1,3
927,3,3
927,817,3
927,13,3
927,826,3
927,830,3
927,822,3
927,4,1
927,18,3
927,833,3
927,832,2
927,8,3
927,807,3
927,154,3
927,20,2
927,815,2
927,817,3
927,813,3
927,830,3
927,831,4
927,826,3
927,18,3
927,833,3
927,1,3
927,13,3
927,822,3
927,3,3
927,154,3
927,831,4
927,807,3
927,832,2
927,813,3
927,8,3
927,817,3
927,154,3
927,815,2
927,18,3
927,20,2
927,1,3
927,13,3
927,826,3
927,822,3
927,830,3
927,3,3
927,831,4
927,833,3
927,807,3
928,831,2
928,813,3
928,815,3
928,154,2
928,830,2
928,4,2
928,20,2
928,13,2
928,1,2
928,822,2
928,828,2
928,817,2
928,18,2
928,3,2
928,8,2
928,829,2
928,833,2
928,832,2
928,815,3
928,20,2
928,828,2
928,3,2
928,831,2
928,154,2
928,830,2
928,18,2
928,1,2
928,813,3
928,8,2
928,13,2
928,822,2
928,4,2
928,817,2
928,829,2
928,832,2
928,815,3
928,833,2
928,813,3
929,830,2
929,807,3
929,831,3
929,13,2
929,813,3
929,828,3
929,832,2
929,154,2
929,20,3
929,4,2
929,3,2
929,822,2
929,817,2
929,1,2
929,826,2
929,8,2
929,815,2
929,833,2
929,829,2
929,831,3
929,13,2
929,813,3
929,828,3
929,807,3
929,832,2
929,830,2
929,154,2
929,20,3
929,1,2
929,822,2
929,3,2
929,829,2
929,826,2
929,817,2
929,4,2
929,833,2
929,20,3
929,815,2
929,828,3
929,807,3
929,8,2
929,813,3
929,831,3
930,807,3
930,826,2
930,18,3
930,831,2
930,1,3
930,817,2
930,830,2
930,20,2
930,13,3
930,813,3
930,832,2
930,3,2
930,822,2
930,154,2
930,813,3
930,829,3
930,8,2
930,833,3
930,828,2
930,815,2
930,4,1
930,807,3
930,18,3
930,833,3
930,1,3
930,13,3
930,829,3
930,815,2
930,830,2
930,826,2
930,831,2
930,20,2
930,154,2
930,8,2
930,822,2
930,817,2
930,832,2
930,813,3
930,3,2
930,18,3
930,828,2
930,13,3
930,829,3
930,807,3
930,1,3
930,833,3
931,807,2
931,13,3
931,832,1
931,822,2
931,828,3
931,154,1
931,831,2
931,826,1
931,830,2
931,807,2
931,4,1
931,829,1
931,18,2
931,20,1
931,817,2
931,815,2
931,3,1
931,833,1
931,8,1
931,1,2
931,828,3
931,13,3
931,830,2
931,822,2
931,13,3
931,815,2
931,18,2
931,1,2
931,831,2
931,817,2
931,828,3
932,18,2
932,20,2
932,813,1
932,817,1
932,815,1
932,8,2
932,831,1
932,154,1
932,826,1
932,832,1
932,822,1
932,807,1
932,828,1
932,1,1
932,3,1
932,4,1
932,20,2
932,829,1
932,833,1
932,13,1
932,830,1
932,8,2
932,18,2
933,826,2
933,828,3
933,18,2
933,18,2
933,828,3
933,154,1
933,831,1
933,807,1
933,832,1
933,822,1
933,830,1
933,3,1
933,13,1
933,1,1
933,833,1
933,20,1
933,813,1
933,815,1
933,826,2
933,828,3
933,817,1
934,4,3
934,817,2
934,832,1
934,8,3
934,20,2
934,4,3
934,826,2
934,1,2
934,807,2
934,13,2
934,3,2
934,815,2
934,817,2
934,822,2
934,828,4
934,829,2
934,833,2
934,828,4
934,4,3
934,8,3
934,828,4
934,1,2
934,20,2
934,828,4
934,3,2
934,13,2
934,822,2
934,826,2
934,807,2
934,815,2
934,833,2
934,8,3
934,829,2
936,833,5
936,822,5
936,826,5
936,13,5
936,830,5
936,18,4
936,154,5
936,831,5
936,807,2
936,832,4
936,4,5
936,815,5
936,828,5
936,1,6
936,3,5
936,20,4
936,817,5
936,8,5
936,813,6
936,813,6
936,829,5
936,13,5
936,815,5
936,833,5
936,831,5
936,826,5
936,828,5
936,154,5
936,18,4
936,807,2
936,4,5
936,832,4
936,830,5
936,822,5
936,3,5
936,815,5
936,1,6
936,813,6
936,828,5
936,817,5
936,20,4
936,8,5
936,154,5
936,829,5
936,831,5
936,833,5
936,826,5
936,4,5
936,20,4
936,832,4
936,18,4
936,4,5
936,8,5
936,13,5
936,154,5
936,3,5
936,829,5
936,815,5
936,1,6
936,813,6
936,828,5
936,831,5
936,817,5
936,833,5
936,822,5
936,830,5
936,826,5
936,20,4
936,832,4
936,18,4
936,4,5
936,8,5
936,13,5
936,154,5
936,3,5
936,829,5
936,815,5
936,1,6
936,813,6
936,828,5
936,831,5
936,817,5
936,833,5
936,822,5
936,830,5
936,826,5
936,822,5
936,1,6
936,8,5
936,13,5
936,1,6
936,829,5
936,830,5
936,813,6
936,817,5
936,3,5
937,817,1
937,832,2
937,815,2
937,822,3
937,4,3
937,154,2
937,826,2
937,13,2
937,830,3
937,828,2
937,831,2
937,8,2
937,18,3
937,3,2
937,1,2
937,20,1
937,822,3
937,833,2
937,829,2
937,815,2
937,4,3
937,18,3
937,154,2
937,13,2
937,8,2
937,830,3
937,822,3
937,832,2
937,826,2
937,831,2
937,828,2
937,1,2
937,833,2
937,3,2
937,829,2
937,830,3
937,4,3
937,18,3
938,831,2
938,830,3
938,832,2
938,3,1
938,807,1
938,13,1
938,830,3
938,828,1
938,822,1
938,815,1
938,831,2
938,20,1
938,18,1
938,1,1
938,829,1
938,826,1
938,8,1
938,833,1
938,4,2
938,817,1
938,832,2
938,830,3
938,4,2
939,154,2
939,4,1
939,832,3
939,828,3
939,813,3
939,807,1
939,826,2
939,13,3
939,20,2
939,817,2
939,8,2
939,1,1
939,3,2
939,822,2
939,815,2
939,831,2
939,18,3
939,830,2
939,834,2
939,13,3
939,829,2
939,154,2
939,813,3
939,828,3
939,832,3
939,13,3
939,826,2
939,815,2
939,831,2
939,830,2
939,828,3
939,20,2
939,817,2
939,834,2
939,8,2
939,3,2
939,822,2
939,18,3
939,832,3
939,829,2
939,18,3
939,813,3
940,815,3
940,817,2
940,13,3
940,826,3
940,4,2
940,830,2
940,807,3
940,831,2
940,18,2
940,822,2
940,154,2
940,813,2
940,20,2
940,828,2
940,8,2
940,832,2
940,3,2
940,1,2
940,13,3
940,815,3
940,826,3
940,834,2
940,817,2
940,828,2
940,832,2
940,18,2
940,8,2
940,4,2
940,3,2
940,822,2
940,20,2
940,830,2
940,831,2
940,1,2
940,807,3
940,154,2
940,834,2
940,826,3
940,13,3
940,813,2
940,815,3
940,807,3
940,829,3
940,829,3
940,829,3
941,154,1
941,830,2
941,815,1
941,817,1
941,832,1
941,18,1
941,4,1
941,833,1
941,829,2
941,829,2
941,830,2
941,822,1
941,20,1
941,13,1
941,813,1
941,8,1
941,1,1
941,826,1
941,831,1
942,822,2
942,154,2
942,834,3
942,4,3
942,831,5
942,831,5
942,822,2
942,154,2
942,828,2
942,18,3
942,1,2
942,20,3
942,830,2
942,13,1
942,831,5
942,834,3
942,813,3
942,4,3
942,817,3
942,3,2
942,826,2
942,815,2
942,8,2
942,832,3
942,807,2
942,828,2
942,8,2
942,4,3
942,20,3
942,807,2
942,832,3
942,815,2
942,18,3
942,813,3
942,831,5
942,830,2
942,834,3
942,3,2
942,826,2
942,817,3
942,831,5
942,1,2
942,20,3
942,832,3
942,813,3
942,18,3
942,817,3
943,20,2
943,822,2
943,13,2
943,807,2
943,813,2
943,828,3
943,154,2
943,831,3
943,832,3
943,815,1
943,826,2
943,817,2
943,830,2
943,3,2
943,829,2
943,1,2
943,834,2
943,18,2
943,20,2
943,828,3
943,832,3
943,831,3
943,3,2
943,1,2
943,18,2
943,832,3
943,828,3
943,826,2
943,817,2
943,13,2
943,807,2
943,831,3
943,830,2
943,154,2
943,813,2
943,829,2
943,834,2
943,822,2
944,817,3
944,807,2
944,826,2
944,13,3
944,815,3
944,154,3
944,822,2
944,830,3
944,8,2
944,18,3
944,828,3
944,3,3
944,20,3
944,4,3
944,1,3
944,831,2
944,834,2
944,829,2
944,813,2
944,817,3
944,18,3
944,20,3
944,3,3
944,4,3
944,828,3
944,815,3
944,1,3
944,830,3
944,807,2
944,154,3
944,13,3
944,826,2
944,831,2
944,822,2
944,829,2
944,834,2
944,813,2
944,8,2
944,20,3
944,3,3
944,1,3
944,815,3
944,18,3
944,817,3
944,4,3
944,830,3
944,828,3
944,154,3
944,13,3
945,4,4
945,831,3
945,826,2
945,815,2
945,817,2
945,13,2
945,807,2
945,832,2
945,822,3
945,830,3
945,18,2
945,4,4
945,822,3
945,3,2
945,8,2
945,1,2
945,828,2
945,4,4
945,830,3
945,20,2
945,154,2
945,829,2
945,807,2
945,833,1
945,826,2
945,817,2
945,13,2
945,831,3
945,815,2
945,18,2
945,832,2
945,822,3
945,3,2
945,8,2
945,829,2
945,830,3
945,20,2
945,1,2
945,828,2
945,154,2
945,831,3
945,4,4
948,825,3
948,832,3
948,831,2
948,13,2
948,836,3
948,828,3
948,3,2
948,817,3
948,4,1
948,835,2
948,837,1
948,20,3
948,830,3
948,18,3
948,8,2
948,1,2
948,807,2
948,815,2
948,822,2
948,825,3
948,20,3
948,3,2
948,8,2
948,817,3
948,830,3
948,832,3
948,1,2
948,13,2
948,154,1
948,807,2
948,822,2
948,835,2
948,815,2
948,828,3
948,18,3
948,831,2
948,836,3
948,825,3
948,828,3
948,18,3
948,832,3
948,830,3
948,836,3
948,20,3
948,817,3
949,807,4
949,815,3
949,832,2
949,817,3
949,13,2
949,822,3
949,821,1
949,838,3
949,822,3
949,830,3
949,831,3
949,154,3
949,836,3
949,8,3
949,825,3
949,837,3
949,3,3
949,1,3
949,828,2
949,815,3
949,826,3
949,807,4
949,832,2
949,817,3
949,825,3
949,838,3
949,830,3
949,154,3
949,1,3
949,8,3
949,13,2
949,828,2
949,836,3
949,3,3
949,831,3
949,837,3
949,826,3
949,822,3
949,807,4
949,8,3
949,815,3
949,825,3
949,3,3
949,154,3
949,1,3
949,838,3
949,836,3
949,817,3
949,826,3
949,837,3
949,830,3
949,831,3
949,807,4
950,154,4
950,8,3
950,1,5
950,831,3
950,817,3
950,826,3
950,815,3
950,20,3
950,807,4
950,832,3
950,18,3
950,822,3
950,830,3
950,828,2
950,825,3
950,1,5
950,1,5
950,8,3
950,836,3
950,835,3
950,4,2
950,20,3
950,807,4
950,815,3
950,837,3
950,826,3
950,13,2
950,832,3
950,817,3
950,821,3
950,3,2
950,830,3
950,825,3
950,154,4
950,831,3
950,822,3
950,1,5
950,835,3
950,807,4
950,18,3
950,836,3
950,815,3
950,828,2
950,837,3
950,822,3
950,1,5
950,13,2
950,4,2
950,832,3
950,154,4
950,821,3
950,826,3
950,20,3
950,825,3
950,3,2
950,817,3
950,8,3
950,835,3
950,830,3
950,831,3
950,837,3
950,821,3
950,836,3
950,18,3
950,154,4
950,807,4
951,826,2
951,817,2
951,828,2
951,815,2
951,821,2
951,826,2
951,821,2
951,832,1
951,831,1
951,836,2
951,835,1
951,822,1
951,825,1
951,1,1
951,154,1
951,13,2
951,8,1
951,18,1
951,3,1
951,4,1
951,830,1
951,815,2
951,828,2
951,817,2
951,836,2
951,13,2
952,13,3
952,815,2
952,826,3
952,828,3
952,832,2
952,18,2
952,807,1
952,825,3
952,817,4
952,4,2
952,835,2
952,836,2
952,830,2
952,8,2
952,822,2
952,831,2
952,20,3
952,154,3
952,821,2
952,837,2
952,828,3
952,13,3
952,826,3
952,817,4
952,20,3
952,154,3
952,821,2
952,825,3
952,835,2
952,836,2
952,830,2
952,8,2
952,815,2
952,18,2
952,831,2
952,20,3
952,154,3
952,832,2
952,822,2
952,4,2
952,828,3
952,13,3
952,817,4
952,837,2
952,826,3
952,825,3
952,817,4
953,826,3
953,826,3
953,825,4
953,18,2
953,831,3
953,826,3
953,828,3
953,837,3
953,830,2
953,20,2
953,4,2
953,807,2
953,822,3
953,154,2
953,821,2
953,3,2
953,13,2
953,832,2
953,815,2
953,825,4
953,817,2
953,828,3
953,815,2
953,18,2
953,825,4
953,822,3
953,154,2
953,1,1
953,3,2
953,20,2
953,807,2
953,832,2
953,830,2
953,836,1
953,817,2
953,4,2
953,821,2
953,13,2
953,831,3
953,825,4
953,837,3
953,837,3
953,831,3
953,822,3
953,828,3
954,831,2
954,20,2
954,8,2
954,836,2
954,832,2
954,821,2
954,828,2
954,837,2
954,4,1
954,154,3
954,826,2
954,830,2
954,817,2
954,3,2
954,807,2
954,13,1
954,822,1
954,1,1
954,815,2
954,8,2
954,831,2
954,20,2
954,817,2
954,836,2
954,154,3
954,828,2
954,825,1
954,821,2
954,826,2
954,837,2
954,830,2
954,815,2
954,154,3
954,832,2
954,3,2
954,807,2
955,837,1
955,832,2
955,830,2
955,4,2
955,826,1
955,817,2
955,18,2
955,825,1
955,13,2
955,831,2
955,8,1
955,821,2
955,154,2
955,835,2
955,1,1
955,815,1
955,828,2
955,822,1
955,20,1
955,807,1
955,830,2
955,3,1
955,817,2
955,4,2
955,831,2
955,18,2
955,828,2
955,154,2
955,832,2
955,13,2
955,836,1
955,821,2
955,835,2
956,807,5
956,4,4
956,18,4
956,822,4
956,832,3
956,815,4
956,3,4
956,825,4
956,835,4
956,13,4
956,828,4
956,836,4
956,817,4
956,830,3
956,1,4
956,821,4
956,8,3
956,836,4
956,807,5
956,18,4
956,154,3
956,4,4
956,815,4
956,837,4
956,3,4
956,836,4
956,1,4
956,830,3
956,817,4
956,8,3
956,822,4
956,831,3
956,832,3
956,18,4
956,154,3
956,825,4
956,13,4
956,835,4
956,4,4
956,815,4
956,828,4
956,807,5
956,821,4
956,837,4
956,3,4
956,836,4
956,1,4
956,830,3
956,817,4
956,8,3
956,822,4
956,831,3
956,18,4
956,154,3
956,825,4
956,13,4
956,835,4
956,4,4
956,815,4
956,828,4
956,807,5
956,832,3
956,821,4
956,837,4
956,821,4
956,831,3
956,825,4
956,807,5
956,835,4
956,828,4
956,837,4
956,822,4
956,1,4
956,3,4
956,13,4
956,817,4
957,8,2
957,822,2
957,832,2
957,807,2
957,4,3
957,20,2
957,154,2
957,821,2
957,825,3
957,836,1
957,817,2
957,13,3
957,826,2
957,18,2
957,835,3
957,837,2
957,1,2
957,3,2
957,830,2
957,815,2
957,831,2
957,828,2
957,828,2
957,20,2
957,8,2
957,13,3
957,826,2
957,822,2
957,831,2
957,154,2
957,835,3
957,1,2
957,3,2
957,815,2
957,817,2
957,832,2
957,807,2
957,4,3
957,18,2
957,825,3
957,821,2
957,837,2
957,830,2
957,835,3
957,13,3
957,4,3
957,825,3
958,18,3
958,836,2
958,18,3
958,831,2
958,20,2
958,807,2
958,154,2
958,817,2
958,4,2
958,821,2
958,1,2
958,830,2
958,832,2
958,822,2
958,3,2
958,828,3
958,825,2
958,826,2
958,13,2
958,835,2
958,815,2
958,18,3
958,8,2
958,837,1
958,817,2
958,836,2
958,154,2
958,825,2
958,821,2
958,830,2
958,807,2
958,835,2
958,831,2
958,815,2
958,1,2
958,20,2
958,3,2
958,832,2
958,822,2
958,4,2
958,828,3
958,826,2
958,8,2
958,828,3
958,13,2
959,835,3
959,826,3
959,831,3
959,815,3
959,832,3
959,13,2
959,830,3
959,3,3
959,825,2
959,817,3
959,822,2
959,807,3
959,836,3
959,20,3
959,18,3
959,837,3
959,1,3
959,8,3
959,4,3
959,828,2
959,154,2
959,831,3
959,821,2
959,835,3
959,13,2
959,836,3
959,3,3
959,815,3
959,830,3
959,4,3
959,826,3
959,832,3
959,20,3
959,18,3
959,8,3
959,807,3
959,825,2
959,817,3
959,837,3
959,822,2
959,1,3
959,828,2
959,831,3
959,815,3
959,154,2
959,3,3
959,807,3
959,830,3
959,817,3
959,20,3
959,835,3
959,18,3
959,1,3
959,8,3
959,836,3
959,4,3
959,821,2
959,826,3
959,837,3
959,832,3
960,830,4
960,831,3
960,20,3
960,8,4
960,13,3
960,807,3
960,8,4
960,815,3
960,154,3
960,835,4
960,839,3
960,822,3
960,821,3
960,3,2
960,817,2
960,807,3
960,4,2
960,1,3
960,13,3
960,815,3
960,826,3
960,835,4
960,154,3
960,20,3
960,822,3
960,821,3
960,830,4
960,839,3
960,831,3
960,8,4
960,830,4
960,1,3
960,826,3
960,13,3
960,821,3
960,835,4
960,807,3
960,4,2
960,20,3
960,822,3
960,154,3
960,831,3
960,815,3
960,8,4
960,839,3
960,817,2
960,3,2
960,830,4
960,1,3
960,835,4
960,826,3
961,835,1
961,831,3
961,831,3
961,822,2
961,830,2
961,4,3
961,826,2
961,807,2
961,825,2
961,8,2
961,815,2
961,18,2
961,831,3
961,20,2
961,817,2
961,13,2
961,836,1
961,821,2
961,832,2
961,828,1
961,3,1
961,1,1
961,815,2
961,154,1
961,822,2
961,825,2
961,20,2
961,839,1
961,807,2
961,4,3
961,826,2
961,8,2
961,821,2
961,830,2
961,13,2
961,817,2
961,18,2
961,832,2
961,4,3
962,3,3
962,817,4
962,1,4
962,8,4
962,4,3
962,826,3
962,832,4
962,830,4
962,13,4
962,825,3
962,828,4
962,815,2
962,821,3
962,18,3
962,822,4
962,836,3
962,839,4
962,831,3
962,835,3
962,20,3
962,832,4
962,828,4
962,835,3
962,830,4
962,4,3
962,817,4
962,1,4
962,826,3
962,822,4
962,18,3
962,3,3
962,13,4
962,8,4
962,825,3
962,831,3
962,821,3
962,836,3
962,839,4
962,20,3
962,815,2
962,828,4
962,830,4
962,832,4
962,18,3
962,13,4
962,822,4
962,817,4
962,3,3
962,822,4
962,8,4
962,1,4
962,4,3
962,835,3
962,831,3
962,839,4
962,821,3
962,836,3
962,828,4
962,826,3
962,825,3
962,20,3
962,13,4
962,830,4
962,1,4
962,8,4
962,817,4
962,839,4
962,832,4
963,826,3
963,13,3
963,825,1
963,821,3
963,13,3
963,830,3
963,815,2
963,18,2
963,807,3
963,4,3
963,3,3
963,836,3
963,839,2
963,1,1
963,8,3
963,832,2
963,817,2
963,828,2
963,821,3
963,830,3
963,4,3
963,807,3
963,822,1
963,826,3
963,836,3
963,3,3
963,835,1
963,839,2
963,13,3
963,8,3
963,815,2
963,831,1
963,18,2
963,832,2
963,828,2
963,821,3
963,8,3
963,4,3
963,807,3
963,817,2
963,830,3
963,826,3
963,3,3
963,836,3
964,4,2
964,830,2
964,817,2
964,154,2
964,826,2
964,807,2
964,821,2
964,3,2
964,20,2
964,815,2
964,8,2
964,839,2
964,1,2
964,832,2
964,836,2
964,18,2
964,826,2
964,13,1
964,835,1
964,825,1
964,831,1
964,8,2
964,822,1
964,828,1
964,4,2
964,830,2
964,807,2
964,821,2
964,3,2
964,815,2
964,154,2
964,839,2
964,817,2
964,1,2
964,836,2
964,20,2
964,18,2
964,832,2
965,822,2
965,817,2
965,8,3
965,830,2
965,3,2
965,18,2
965,154,2
965,815,2
965,1,2
965,13,3
965,832,2
965,4,2
965,821,1
965,825,3
965,836,2
965,20,3
965,835,2
965,828,1
965,839,3
965,822,2
965,826,1
965,8,3
965,817,2
965,830,2
965,835,2
965,839,3
965,815,2
965,154,2
965,825,3
965,18,2
965,20,3
965,13,3
965,831,1
965,832,2
965,4,2
965,1,2
965,836,2
965,3,2
965,8,3
965,825,3
965,839,3
965,20,3
965,13,3
966,817,2
966,835,1
966,828,1
966,154,2
966,830,1
966,832,1
966,825,2
966,821,2
966,826,2
966,807,1
966,13,1
966,839,1
966,4,2
966,1,1
966,18,1
966,822,1
966,3,1
966,8,2
966,815,1
966,20,1
966,8,2
966,4,2
966,826,2
966,821,2
966,831,1
966,817,2
966,154,2
966,825,2
967,825,4
967,18,5
967,4,3
967,822,4
967,13,4
967,826,4
967,835,2
967,828,1
967,20,3
967,821,4
967,830,5
967,817,5
967,826,4
967,835,2
967,1,2
967,3,2
967,830,5
967,807,3
967,815,2
967,832,2
967,831,2
967,817,5
967,839,2
967,836,3
967,4,3
967,822,4
967,825,4
967,18,5
967,20,3
967,13,4
967,821,4
967,826,4
967,807,3
967,1,2
967,3,2
967,830,5
967,815,2
967,832,2
967,831,2
967,817,5
967,839,2
967,836,3
967,4,3
967,822,4
967,825,4
967,18,5
967,20,3
967,807,3
967,13,4
967,821,4
967,826,4
967,13,4
967,18,5
967,822,4
967,817,5
967,825,4
967,830,5
967,18,5
967,821,4
967,817,5
967,836,3
967,830,5
968,825,1
968,832,2
968,836,2
968,1,2
968,8,2
968,4,2
968,835,3
968,831,2
968,3,2
968,20,2
968,807,2
968,13,2
968,826,1
968,821,2
968,817,2
968,815,2
968,154,2
968,830,1
968,835,3
968,839,2
968,817,2
968,836,2
968,8,2
968,807,2
968,815,2
968,1,2
968,821,2
968,832,2
968,3,2
968,13,2
968,839,2
968,831,2
968,20,2
968,4,2
968,154,2
968,828,1
968,835,3
969,825,2
969,840,2
969,838,1
969,839,1
969,841,1
969,4,1
969,807,2
969,1,1
969,815,1
969,832,1
969,13,1
969,20,1
969,822,1
969,830,1
969,8,1
969,840,2
969,807,2
969,826,2
969,825,2
969,826,2
970,807,5
970,20,5
970,826,4
970,4,4
970,13,6
970,815,6
970,825,5
970,828,4
970,839,5
970,154,5
970,841,1
970,838,4
970,1,4
970,822,4
970,817,4
970,8,4
970,830,4
970,20,5
970,832,4
970,839,5
970,4,4
970,826,4
970,13,6
970,815,6
970,825,5
970,835,4
970,838,4
970,807,5
970,828,4
970,154,5
970,1,4
970,817,4
970,8,4
970,830,4
970,822,4
970,20,5
970,832,4
970,4,4
970,826,4
970,13,6
970,815,6
970,825,5
970,839,5
970,835,4
970,838,4
970,807,5
970,828,4
970,154,5
970,1,4
970,817,4
970,8,4
970,830,4
970,822,4
970,20,5
970,4,4
970,832,4
970,826,4
970,13,6
970,815,6
970,825,5
970,839,5
970,835,4
970,838,4
970,807,5
970,828,4
970,154,5
970,815,6
970,13,6
970,832,4
970,830,4
970,835,4
970,825,5
970,817,4
970,807,5
970,20,5
970,822,4
970,1,4
970,154,5
970,8,4
970,839,5
970,13,6
970,815,6
971,840,1
971,20,2
971,830,1
971,839,2
971,836,1
971,8,2
971,154,2
971,832,1
971,822,2
971,1,2
971,817,2
971,13,2
971,807,2
971,815,2
971,835,2
971,4,2
971,826,2
971,822,2
971,154,2
971,20,2
971,828,1
971,815,2
971,807,2
971,4,2
971,8,2
971,13,2
971,839,2
971,835,2
971,817,2
971,1,2
971,826,2
972,838,2
972,828,2
972,836,2
972,836,2
972,13,2
972,825,1
972,826,1
972,828,2
972,832,1
972,838,2
972,839,1
972,840,1
972,822,1
972,815,1
972,8,1
972,830,1
972,1,1
972,20,1
972,807,1
972,13,2
973,826,2
973,13,3
973,835,3
973,4,3
973,840,2
973,838,1
973,825,3
973,832,2
973,13,3
973,20,2
973,807,2
973,839,2
973,815,2
973,828,2
973,154,2
973,1,2
973,817,2
973,835,3
973,822,1
973,4,3
973,828,2
973,836,1
973,807,2
973,825,3
973,826,2
973,840,2
973,13,3
973,815,2
973,839,2
973,832,2
973,154,2
973,1,2
973,20,2
973,817,2
973,835,3
973,4,3
973,825,3
974,836,1
974,18,2
974,815,3
974,830,2
974,822,1
974,8,1
974,828,1
974,826,1
974,839,3
974,832,1
974,825,2
974,817,1
974,13,2
974,20,1
974,839,3
974,18,2
974,154,1
974,840,2
974,825,2
974,835,1
974,838,1
974,1,1
974,830,2
974,839,3
974,13,2
974,815,3
974,840,2
974,815,3
975,154,1
975,836,2
975,20,2
975,807,1
975,835,1
975,828,1
975,826,2
975,8,2
975,817,1
975,815,1
975,822,1
975,840,1
975,1,1
975,839,1
975,836,2
975,8,2
975,4,1
975,838,1
975,825,1
975,20,2
975,826,2
976,822,4
976,154,5
976,817,4
976,838,4
976,1,4
976,20,4
976,815,4
976,8,4
976,13,3
976,839,4
976,822,4
976,825,3
976,4,3
976,832,3
976,828,3
976,836,5
976,840,3
976,807,3
976,817,4
976,836,5
976,154,5
976,1,4
976,20,4
976,815,4
976,13,3
976,839,4
976,8,4
976,840,3
976,807,3
976,817,4
976,825,3
976,4,3
976,832,3
976,838,4
976,154,5
976,828,3
976,836,5
976,822,4
976,815,4
976,839,4
976,8,4
976,836,5
976,1,4
976,20,4
976,13,3
976,840,3
976,817,4
976,807,3
976,825,3
976,4,3
976,832,3
976,154,5
976,828,3
976,838,4
976,822,4
976,839,4
976,836,5
976,1,4
976,20,4
976,838,4
976,815,4
976,8,4
976,154,5
977,826,3
977,826,3
977,807,1
977,1,1
977,838,2
977,817,1
977,20,1
977,835,1
977,828,1
977,815,1
977,840,1
977,836,1
977,154,1
977,822,1
977,832,1
977,839,1
977,8,1
977,838,2
977,13,1
977,826,3
978,826,3
978,836,3
978,836,3
978,826,3
978,20,2
978,830,2
978,839,1
978,4,1
978,840,2
978,815,1
978,154,2
978,8,2
978,807,1
978,1,1
978,13,1
978,838,1
978,826,3
978,828,1
978,836,3
978,822,1
978,817,1
978,825,1
978,840,2
978,154,2
978,8,2
978,830,2
978,20,2
979,828,2
979,836,2
979,154,1
979,836,2
979,840,1
979,822,1
979,1,1
979,825,1
979,20,1
979,8,1
979,815,1
979,814,1
979,832,1
979,4,1
979,839,1
979,826,1
979,830,1
979,838,1
979,807,1
979,835,1
979,828,2
980,835,2
980,828,3
980,825,3
980,840,2
980,839,3
980,154,2
980,4,1
980,807,2
980,13,2
980,1,2
980,815,3
980,822,2
980,20,2
980,817,2
980,8,3
980,8,3
980,826,2
980,838,2
980,832,2
980,828,3
980,815,3
980,839,3
980,8,3
980,807,2
980,154,2
980,13,2
980,839,3
980,832,2
980,840,2
980,815,3
980,1,2
980,20,2
980,822,2
980,817,2
980,828,3
980,825,3
980,826,2
980,835,2
980,838,2
980,825,3
981,154,2
981,830,2
981,807,1
981,825,1
981,832,1
981,8,1
981,839,1
981,840,1
981,828,1
981,826,1
981,836,1
981,13,1
981,835,1
981,830,2
981,4,1
981,20,1
981,1,1
981,815,1
981,822,1
981,154,2
981,817,1
982,1,4
982,817,5
982,807,6
982,815,5
982,822,4
982,835,5
982,838,5
982,839,6
982,832,4
982,825,6
982,826,3
982,4,3
982,840,4
982,13,6
982,154,4
982,828,6
982,836,6
982,1,4
982,817,5
982,807,6
982,815,5
982,822,4
982,835,5
982,838,5
982,839,6
982,832,4
982,825,6
982,826,3
982,4,3
982,840,4
982,13,6
982,154,4
982,828,6
982,836,6
982,1,4
982,817,5
982,807,6
982,815,5
982,822,4
982,835,5
982,838,5
982,839,6
982,832,4
982,825,6
982,826,3
982,4,3
982,840,4
982,13,6
982,154,4
982,828,6
982,836,6
982,817,5
982,815,5
982,839,6
982,825,6
982,807,6
982,835,5
982,838,5
982,828,6
982,13,6
982,836,6
982,825,6
982,13,6
982,840,4
982,832,4
982,838,5
982,154,4
982,839,6
982,828,6
982,817,5
982,822,4
982,807,6
982,815,5
982,1,4
982,836,6
982,835,5
982,828,6
982,13,6
982,807,6
982,839,6
982,825,6
982,836,6
983,839,1
983,807,2
983,825,1
983,13,1
983,154,2
983,840,1
983,842,1
983,838,1
983,835,1
983,1,1
983,4,1
983,830,1
983,20,1
983,822,1
983,817,1
983,815,1
983,154,2
983,836,1
983,828,1
983,807,2
984,836,3
984,836,3
984,840,2
984,838,2
984,13,1
984,825,1
984,839,1
984,830,1
984,815,1
984,1,1
984,842,2
984,154,1
984,817,1
984,4,1
984,836,3
984,8,1
984,822,1
984,838,2
984,840,2
984,807,1
984,835,1
984,842,2
985,825,2
985,836,1
985,843,2
985,840,2
985,817,1
985,815,1
985,839,1
985,4,1
985,20,2
985,154,1
985,826,1
985,822,2
985,1,1
985,832,1
985,8,1
985,828,1
985,830,2
985,838,1
985,13,1
985,843,2
985,840,2
985,830,2
985,20,2
985,825,2
985,822,2
986,20,2
986,1,2
986,832,2
986,13,1
986,836,1
986,815,2
986,807,1
986,839,1
986,828,1
986,825,1
986,838,1
986,830,1
986,842,1
986,154,2
986,822,1
986,1,2
986,832,2
986,8,1
986,840,1
986,20,2
986,4,1
986,815,2
986,154,2
987,20,4
987,822,4
987,8,4
987,830,5
987,4,4
987,13,4
987,815,4
987,807,4
987,832,4
987,842,4
987,828,4
987,843,4
987,840,5
987,836,3
987,154,4
987,1,4
987,817,4
987,20,4
987,822,4
987,8,4
987,830,5
987,4,4
987,13,4
987,815,4
987,807,4
987,832,4
987,842,4
987,828,4
987,843,4
987,840,5
987,1,4
987,836,3
987,154,4
987,817,4
987,20,4
987,822,4
987,8,4
987,830,5
987,4,4
987,13,4
987,815,4
987,807,4
987,832,4
987,842,4
987,828,4
987,843,4
987,840,5
987,1,4
987,836,3
987,154,4
987,817,4
987,822,4
987,13,4
987,843,4
987,20,4
987,830,5
987,4,4
987,840,5
987,8,4
987,807,4
987,832,4
987,815,4
987,1,4
987,817,4
987,842,4
987,828,4
987,154,4
987,830,5
987,840,5
988,840,3
988,838,1
988,830,1
988,8,1
988,815,1
988,807,1
988,817,1
988,20,1
988,822,1
988,4,1
988,13,1
988,825,1
988,1,1
988,843,1
988,836,1
988,840,3
988,842,1
988,828,1
988,839,1
988,832,1
988,154,1
988,840,3
989,843,2
989,8,1
989,1,1
989,844,2
989,830,1
989,825,1
989,832,1
989,843,2
989,839,1
989,154,1
989,807,1
989,815,1
989,838,1
989,822,1
989,840,2
989,20,1
989,817,1
989,4,1
989,844,2
989,840,2
990,830,1
990,844,2
990,815,2
990,838,2
990,840,2
990,825,2
990,4,2
990,842,2
990,807,2
990,839,2
990,832,2
990,20,1
990,154,3
990,8,1
990,822,1
990,843,2
990,845,2
990,828,1
990,1,1
990,832,2
990,825,2
990,838,2
990,154,3
990,840,2
990,815,2
990,842,2
990,844,2
990,839,2
990,807,2
990,4,2
990,845,2
990,843,2
990,154,3
991,843,2
991,839,2
991,832,2
991,815,2
991,807,2
991,154,2
991,830,2
991,817,2
991,1,1
991,822,1
991,20,1
991,842,2
991,844,1
991,838,1
991,840,1
991,825,1
991,8,1
991,845,2
991,4,1
991,828,1
991,830,2
991,843,2
991,817,2
991,807,2
991,832,2
991,839,2
991,842,2
991,815,2
991,845,2
991,154,2
992,8,2
992,843,3
992,4,2
992,825,2
992,828,4
992,815,2
992,154,2
992,842,2
992,832,2
992,838,4
992,828,4
992,1,2
992,843,3
992,840,2
992,844,2
992,838,4
992,20,2
992,817,1
992,828,4
992,830,1
992,822,1
992,20,2
992,825,2
992,1,2
992,842,2
992,843,3
992,8,2
992,838,4
992,815,2
992,154,2
992,832,2
992,844,2
992,840,2
992,4,2
992,828,4
992,838,4
993,843,2
993,845,3
993,20,2
993,822,1
993,844,1
993,840,1
993,4,1
993,845,3
993,1,1
993,832,1
993,815,2
993,839,1
993,825,1
993,817,1
993,843,2
993,830,1
993,838,1
993,828,1
993,20,2
993,815,2
993,845,3
994,845,3
994,840,3
994,1,1
994,843,1
994,844,1
994,154,2
994,20,1
994,832,1
994,817,1
994,8,1
994,822,1
994,828,1
994,825,1
994,4,1
994,845,3
994,838,2
994,815,1
994,839,1
994,840,3
994,842,1
994,830,1
994,845,3
994,807,1
994,840,3
994,154,2
994,838,2
995,838,2
995,828,1
995,815,2
995,839,1
995,807,1
995,832,1
995,830,1
995,1,1
995,817,1
995,4,1
995,844,1
995,825,1
995,842,1
995,845,1
995,8,1
995,822,1
995,20,1
995,815,2
995,154,1
995,838,2
996,840,1
996,845,1
996,20,2
996,4,2
996,822,2
996,830,1
996,832,1
996,817,1
996,825,1
996,844,1
996,1,1
996,8,1
996,154,1
996,828,1
996,807,1
996,843,1
996,822,2
996,20,2
996,838,1
996,4,2
997,838,2
997,830,1
997,8,1
997,817,2
997,20,1
997,154,1
997,839,1
997,832,2
997,840,2
997,842,1
997,844,1
997,4,1
997,845,2
997,1,2
997,815,1
997,825,1
997,832,2
997,817,2
997,838,2
997,828,1
997,1,2
997,845,2
997,840,2
998,8,2
998,4,2
998,815,2
998,830,2
998,832,2
998,817,2
998,844,1
998,839,1
998,20,2
998,807,1
998,842,2
998,822,1
998,838,2
998,845,1
998,828,1
998,1,1
998,825,1
998,154,1
998,817,2
998,840,1
998,4,2
998,832,2
998,842,2
998,815,2
998,20,2
998,830,2
998,8,2
998,838,2
999,8,2
999,807,3
999,825,3
999,832,3
999,844,3
999,154,3
999,815,1
999,20,1
999,839,1
999,840,2
999,822,2
999,845,2
999,843,2
999,830,3
999,838,2
999,4,3
999,828,1
999,1,1
999,844,3
999,4,3
999,842,2
999,830,3
999,844,3
999,842,2
999,830,3
999,4,3
999,832,3
999,840,2
999,807,3
999,822,2
999,154,3
999,825,3
999,845,2
999,8,2
999,843,2
999,838,2
999,807,3
999,154,3
999,825,3
999,832,3
1000,828,1
1000,8,2
1000,822,1
1000,815,1
1000,807,2
1000,843,1
1000,1,1
1000,832,1
1000,154,1
1000,825,1
1000,845,1
1000,842,1
1000,8,2
1000,20,1
1000,4,1
1000,839,1
1000,838,1
1000,817,1
1000,840,1
1000,807,2
1001,20,2
1001,1,2
1001,815,2
1001,839,2
1001,830,2
1001,154,2
1001,825,2
1001,842,2
1001,828,2
1001,845,2
1001,840,2
1001,843,2
1001,832,2
1001,822,3
1001,838,3
1001,8,2
1001,822,3
1001,838,3
1001,8,2
1001,1,2
1001,20,2
1001,832,2
1001,154,2
1001,840,2
1001,839,2
1001,845,2
1001,815,2
1001,842,2
1001,830,2
1001,825,2
1001,828,2
1001,838,3
1001,822,3
1001,843,2
1002,807,2
1002,817,1
1002,20,2
1002,828,2
1002,825,1
1002,8,1
1002,154,1
1002,838,1
1002,830,1
1002,1,1
1002,20,2
1002,842,1
1002,844,1
1002,840,1
1002,822,1
1002,845,1
1002,839,1
1002,815,1
1002,832,1
1002,807,2
1002,828,2
1003,845,2
1003,20,1
1003,843,2
1003,1,1
1003,807,1
1003,822,1
1003,154,1
1003,830,1
1003,815,3
1003,8,1
1003,842,1
1003,825,3
1003,817,1
1003,815,3
1003,843,2
1003,825,3
1003,832,1
1003,4,1
1003,844,1
1003,815,3
1003,840,1
1003,838,1
1003,828,1
1003,845,2
1003,825,3
1004,843,1
1004,4,1
1004,840,1
1004,154,1
1004,825,1
1004,844,1
1004,839,1
1004,845,1
1004,828,2
1004,838,1
1004,822,1
1004,815,1
1004,20,1
1004,1,1
1004,8,1
1004,832,1
1004,807,1
1004,828,2
1004,817,1
1004,830,1
1005,825,1
1005,844,2
1005,845,2
1005,828,1
1005,840,2
1005,8,1
1005,830,1
1005,822,1
1005,817,1
1005,838,1
1005,1,1
1005,815,1
1005,839,1
1005,20,1
1005,4,1
1005,843,1
1005,154,1
1005,842,1
1005,807,1
1005,832,1
1005,844,2
1005,845,2
1005,840,2
1006,844,1
1006,840,3
1006,154,1
1006,840,3
1006,845,2
1006,838,2
1006,842,2
1006,1,2
1006,8,1
1006,830,1
1006,839,1
1006,822,1
1006,807,1
1006,832,1
1006,815,1
1006,20,1
1006,843,1
1006,845,2
1006,825,1
1006,828,1
1006,1,2
1006,842,2
1006,840,3
1006,838,2
1007,839,2
1007,843,2
1007,842,2
1007,840,2
1007,1,2
1007,822,3
1007,832,1
1007,845,1
1007,817,1
1007,807,1
1007,838,1
1007,830,2
1007,844,1
1007,828,1
1007,20,2
1007,8,1
1007,840,2
1007,843,2
1007,842,2
1007,815,1
1007,839,2
1007,825,1
1007,154,2
1007,20,2
1007,1,2
1007,830,2
1007,822,3
1007,154,2
1007,822,3
1008,4,2
1008,845,1
1008,840,2
1008,822,2
1008,828,1
1008,1,1
1008,842,1
1008,832,2
1008,20,2
1008,838,1
1008,8,1
1008,154,1
1008,830,1
1008,844,1
1008,817,1
1008,815,1
1008,839,2
1008,825,1
1008,832,2
1008,843,1
1008,20,2
1008,4,2
1008,839,2
1008,822,2
1008,840,2
1009,843,1
1009,1,1
1009,844,1
1009,154,1
1009,20,1
1009,822,2
1009,830,1
1009,839,1
1009,815,1
1009,4,1
1009,842,1
1009,817,1
1009,838,1
1009,845,1
1009,832,1
1009,822,2
1009,840,1
1009,825,1
1010,9,3
1010,817,1
1010,8,1
1010,807,1
1010,815,1
1010,20,1
1010,825,1
1010,848,1
1010,1,1
1010,154,1
1010,846,1
1010,822,1
1010,830,1
1010,826,1
1010,847,2
1010,840,1
1010,841,1
1010,844,1
1010,9,3
1010,842,1
1010,847,2
1010,9,3
1011,840,2
1011,154,1
1011,832,3
1011,815,2
1011,8,2
1011,842,2
1011,848,2
1011,846,2
1011,825,2
1011,830,2
1011,9,2
1011,822,2
1011,807,2
1011,826,2
1011,847,2
1011,844,2
1011,1,2
1011,20,3
1011,841,2
1011,840,2
1011,817,1
1011,832,3
1011,848,2
1011,847,2
1011,9,2
1011,830,2
1011,807,2
1011,8,2
1011,815,2
1011,1,2
1011,846,2
1011,20,3
1011,844,2
1011,822,2
1011,20,3
1011,826,2
1011,825,2
1011,842,2
1011,841,2
1011,832,3
1012,832,2
1012,846,3
1012,826,3
1012,841,2
1012,154,2
1012,825,2
1012,807,1
1012,830,2
1012,846,3
1012,20,2
1012,817,1
1012,842,3
1012,848,1
1012,815,1
1012,840,2
1012,822,2
1012,1,2
1012,844,2
1012,847,2
1012,8,1
1012,826,3
1012,9,1
1012,841,2
1012,826,3
1012,825,2
1012,830,2
1012,20,2
1012,846,3
1012,154,2
1012,1,2
1012,822,2
1012,832,2
1012,842,3
1012,844,2
1012,840,2
1012,847,2
1012,842,3
1013,826,1
1013,8,1
1013,825,2
1013,841,1
1013,807,2
1013,846,2
1013,815,1
1013,840,1
1013,817,1
1013,20,1
1013,822,1
1013,832,1
1013,848,1
1013,1,1
1013,830,1
1013,9,3
1013,9,3
1013,847,2
1013,844,2
1013,807,2
1013,154,1
1013,847,2
1013,846,2
1013,825,2
1013,9,3
1013,844,2
1014,841,2
1014,20,2
1014,830,2
1014,826,2
1014,842,2
1014,840,1
1014,825,2
1014,817,2
1014,832,2
1014,815,2
1014,844,2
1014,848,2
1014,822,2
1014,154,2
1014,846,1
1014,1,2
1014,8,2
1014,9,2
1014,847,2
1014,807,1
1014,20,2
1014,841,2
1014,830,2
1014,822,2
1014,826,2
1014,825,2
1014,848,2
1014,1,2
1014,817,2
1014,815,2
1014,847,2
1014,844,2
1014,8,2
1014,9,2
1014,842,2
1014,154,2
1014,832,2
1015,807,1
1015,844,2
1015,847,1
1015,1,1
1015,822,2
1015,830,1
1015,20,1
1015,817,1
1015,825,1
1015,815,1
1015,822,2
1015,844,2
1015,9,1
1015,842,2
1015,832,1
1015,826,1
1015,840,1
1015,848,1
1015,841,1
1015,8,1
1015,846,1
1015,154,1
1015,842,2
1016,848,1
1016,832,1
1016,8,2
1016,842,1
1016,817,1
1016,9,2
1016,847,1
1016,815,1
1016,826,1
1016,807,1
1016,20,1
1016,1,1
1016,822,2
1016,844,1
1016,841,1
1016,154,1
1016,9,2
1016,825,1
1016,840,1
1016,830,1
1016,8,2
1016,822,2
1017,841,2
1017,817,1
1017,825,1
1017,842,1
1017,846,1
1017,815,1
1017,832,1
1017,830,1
1017,844,1
1017,822,1
1017,1,1
1017,9,1
1017,20,2
1017,848,1
1017,847,2
1017,8,1
1017,154,1
1017,826,1
1017,847,2
1017,807,1
1017,841,2
1017,840,1
1017,20,2
1018,825,3
1018,825,3
1018,9,1
1018,822,1
1018,20,2
1018,844,1
1018,8,1
1018,841,1
1018,846,1
1018,842,1
1018,840,1
1018,807,1
1018,847,1
1018,815,1
1018,1,1
1018,830,1
1018,826,1
1018,154,1
1018,848,1
1018,832,1
1018,817,1
1018,20,2
1018,825,3
1019,154,1
1019,825,1
1019,842,1
1019,817,2
1019,826,2
1019,844,2
1019,830,2
1019,846,2
1019,848,1
1019,807,1
1019,840,2
1019,822,2
1019,8,1
1019,815,3
1019,1,1
1019,20,2
1019,830,2
1019,832,1
1019,817,2
1019,9,1
1019,844,2
1019,826,2
1019,847,1
1019,815,3
1019,846,2
1019,20,2
1019,840,2
1019,822,2
1019,815,3
1020,20,5
1020,848,4
1020,1,6
1020,822,4
1020,830,5
1020,8,4
1020,807,3
1020,844,3
1020,154,5
1020,842,4
1020,832,3
1020,841,4
1020,817,1
1020,826,4
1020,846,2
1020,840,5
1020,847,5
1020,9,5
1020,825,6
1020,844,3
1020,807,3
1020,825,6
1020,20,5
1020,9,5
1020,830,5
1020,847,5
1020,826,4
1020,846,2
1020,840,5
1020,822,4
1020,8,4
1020,841,4
1020,842,4
1020,154,5
1020,844,3
1020,848,4
1020,832,3
1020,1,6
1020,848,4
1020,8,4
1020,20,5
1020,842,4
1020,841,4
1020,826,4
1020,154,5
1020,830,5
1020,807,3
1020,840,5
1020,825,6
1020,822,4
1020,9,5
1020,830,5
1020,20,5
1020,154,5
1020,840,5
1020,847,5
1020,825,6
1020,840,5
1020,826,4
1020,825,6
1020,830,5
1020,822,4
1020,832,3
1020,842,4
1020,848,4
1020,154,5
1020,9,5
1020,1,6
1020,8,4
1020,20,5
1020,841,4
1020,847,5
1020,1,6
1020,1,6
1020,825,6
1020,9,5
1020,847,5
1021,822,2
1021,841,1
1021,847,1
1021,840,2
1021,815,1
1021,9,1
1021,154,1
1021,826,1
1021,830,2
1021,844,1
1021,846,1
1021,842,1
1021,848,1
1021,832,1
1021,8,1
1021,1,2
1021,807,1
1021,825,1
1021,20,1
1021,822,2
1021,817,1
1021,1,2
1021,840,2
1021,830,2
1022,817,1
1022,8,3
1022,832,1
1022,8,3
1022,807,2
1022,842,1
1022,840,2
1022,20,2
1022,815,1
1022,154,1
1022,846,1
1022,844,1
1022,1,1
1022,822,1
1022,848,1
1022,826,1
1022,825,1
1022,841,1
1022,840,2
1022,847,1
1022,807,2
1022,8,3
1022,9,1
1022,20,2
1023,830,2
1023,20,3
1023,154,2
1023,20,3
1023,840,2
1023,1,2
1023,8,2
1023,844,1
1023,825,2
1023,841,1
1023,840,2
1023,846,1
1023,847,1
1023,848,1
1023,822,1
1023,8,2
1023,832,1
1023,830,2
1023,826,1
1023,815,1
1023,842,1
1023,807,1
1023,9,2
1023,817,1
1023,154,2
1023,825,2
1023,20,3
1023,9,2
1023,1,2
1024,807,2
1024,847,1
1024,826,2
1024,815,1
1024,8,1
1024,825,2
1024,20,1
1024,830,1
1024,844,1
1024,848,1
1024,846,1
1024,9,2
1024,822,1
1024,154,2
1024,1,1
1024,840,3
1024,842,1
1024,841,2
1024,817,1
1024,154,2
1024,807,2
1024,826,2
1024,832,1
1024,841,2
1024,840,3
1024,9,2
1024,840,3
1024,825,2
1025,9,2
1025,817,1
1025,841,2
1025,9,2
1025,8,2
1025,807,2
1025,846,1
1025,832,1
1025,844,2
1025,815,1
1025,20,1
1025,842,1
1025,825,1
1025,840,1
1025,826,2
1025,847,1
1025,841,2
1025,8,2
1025,1,1
1025,822,1
1025,830,1
1025,848,1
1025,807,2
1025,826,2
1025,844,2
1026,844,3
1026,846,2
1026,848,2
1026,8,2
1026,20,2
1026,154,1
1026,822,2
1026,825,2
1026,842,1
1026,840,1
1026,841,2
1026,807,1
1026,815,2
1026,1,2
1026,9,2
1026,844,3
1026,846,2
1026,847,1
1026,832,1
1026,826,1
1026,817,1
1026,20,2
1026,848,2
1026,9,2
1026,822,2
1026,8,2
1026,815,2
1026,1,2
1026,844,3
1026,825,2
1026,841,2
1027,830,1
1027,842,2
1027,826,2
1027,848,2
1027,844,2
1027,832,2
1027,8,2
1027,807,1
1027,815,1
1027,841,1
1027,9,2
1027,847,1
1027,1,1
1027,825,1
1027,832,2
1027,822,1
1027,20,1
1027,840,1
1027,154,1
1027,844,2
1027,848,2
1027,826,2
1027,842,2
1027,817,1
1027,8,2
1027,9,2
1028,848,3
1028,840,2
1028,9,1
1028,830,2
1028,822,2
1028,841,2
1028,832,1
1028,8,2
1028,825,2
1028,846,2
1028,842,2
1028,844,2
1028,848,3
1028,817,1
1028,826,2
1028,847,2
1028,1,1
1028,815,1
1028,154,1
1028,807,2
1028,840,2
1028,830,2
1028,822,2
1028,807,2
1028,826,2
1028,841,2
1028,848,3
1028,8,2
1028,825,2
1028,844,2
1028,846,2
1028,847,2
1028,842,2
1029,817,2
1029,815,2
1029,1,3
1029,841,2
1029,9,4
1029,830,3
1029,8,2
1029,842,2
1029,826,2
1029,847,3
1029,848,2
1029,20,2
1029,822,2
1029,154,2
1029,846,2
1029,807,3
1029,825,2
1029,840,2
1029,844,2
1029,832,1
1029,9,4
1029,817,2
1029,822,2
1029,1,3
1029,830,3
1029,807,3
1029,815,2
1029,841,2
1029,826,2
1029,842,2
1029,8,2
1029,20,2
1029,848,2
1029,830,3
1029,846,2
1029,840,2
1029,825,2
1029,844,2
1029,807,3
1029,9,4
1029,847,3
1029,154,2
1029,1,3
1029,847,3
1029,9,4
1030,840,2
1030,846,1
1030,841,2
1030,817,2
1030,844,2
1030,20,2
1030,832,2
1030,848,1
1030,807,1
1030,154,1
1030,825,1
1030,8,1
1030,840,2
1030,9,1
1030,830,1
1030,1,1
1030,841,2
1030,822,1
1030,847,1
1030,815,1
1030,844,2
1030,20,2
1030,826,1
1030,832,2
1030,817,2
1031,154,1
1031,8,2
1031,841,3
1031,847,1
1031,822,2
1031,1,2
1031,848,3
1031,846,3
1031,815,2
1031,844,3
1031,832,3
1031,20,3
1031,842,2
1031,826,3
1031,839,2
1031,849,3
1031,848,3
1031,846,3
1031,844,3
1031,826,3
1031,8,2
1031,20,3
1031,849,3
1031,832,3
1031,841,3
1031,822,2
1031,1,2
1031,815,2
1031,848,3
1031,846,3
1031,844,3
1031,842,2
1031,832,3
1031,839,2
1031,826,3
1031,20,3
1031,849,3
1031,841,3
1032,844,1
1032,830,2
1032,842,2
1032,1,1
1032,825,1
1032,832,2
1032,849,1
1032,840,1
1032,822,1
1032,847,1
1032,848,1
1032,826,1
1032,817,1
1032,154,1
1032,815,1
1032,846,1
1032,841,1
1032,8,1
1032,842,2
1032,832,2
1032,830,2
1033,826,2
1033,844,2
1033,822,3
1033,1,3
1033,840,3
1033,20,2
1033,815,2
1033,832,2
1033,848,2
1033,849,5
1033,842,1
1033,8,2
1033,830,2
1033,817,2
1033,839,2
1033,846,2
1033,847,3
1033,841,3
1033,849,5
1033,826,2
1033,847,3
1033,844,2
1033,841,3
1033,20,2
1033,839,2
1033,822,3
1033,849,5
1033,8,2
1033,848,2
1033,154,1
1033,840,3
1033,825,1
1033,815,2
1033,846,2
1033,830,2
1033,1,3
1033,832,2
1033,841,3
1033,849,5
1033,817,2
1033,822,3
1033,847,3
1033,840,3
1033,849,5
1033,1,3
1034,848,2
1034,817,1
1034,846,1
1034,839,1
1034,20,1
1034,842,1
1034,841,1
1034,8,2
1034,847,1
1034,849,1
1034,1,1
1034,822,2
1034,830,2
1034,844,1
1034,832,2
1034,840,1
1034,848,2
1034,154,1
1034,8,2
1034,830,2
1034,822,2
1034,832,2
1035,848,2
1035,842,2
1035,841,2
1035,847,3
1035,825,2
1035,849,3
1035,846,2
1035,822,2
1035,1,2
1035,817,3
1035,807,3
1035,154,2
1035,840,2
1035,844,1
1035,826,2
1035,825,2
1035,832,2
1035,839,1
1035,20,2
1035,842,2
1035,847,3
1035,830,2
1035,817,3
1035,8,1
1035,849,3
1035,846,2
1035,807,3
1035,848,2
1035,840,2
1035,830,2
1035,822,2
1035,20,2
1035,841,2
1035,832,2
1035,826,2
1035,817,3
1035,154,2
1035,847,3
1035,1,2
1035,807,3
1035,849,3
1036,848,2
1036,847,2
1036,8,2
1036,830,2
1036,842,2
1036,846,2
1036,826,2
1036,841,2
1036,832,2
1036,1,2
1036,822,3
1036,840,2
1036,825,1
1036,849,2
1036,815,1
1036,844,1
1036,20,1
1036,154,2
1036,839,1
1036,817,1
1036,847,2
1036,848,2
1036,830,2
1036,832,2
1036,840,2
1036,842,2
1036,846,2
1036,8,2
1036,826,2
1036,841,2
1036,822,3
1036,1,2
1036,849,2
1036,154,2
1036,822,3
1037,844,2
1037,8,1
1037,154,1
1037,825,2
1037,849,2
1037,1,1
1037,822,1
1037,830,1
1037,817,1
1037,839,1
1037,848,1
1037,840,1
1037,846,1
1037,826,1
1037,20,1
1037,815,1
1037,844,2
1037,842,1
1037,849,2
1037,825,2
1038,1,3
1038,847,2
1038,154,2
1038,848,2
1038,826,2
1038,839,2
1038,830,2
1038,822,2
1038,817,2
1038,815,2
1038,846,2
1038,832,2
1038,841,3
1038,1,3
1038,842,2
1038,8,2
1038,844,1
1038,849,2
1038,825,1
1039,8,6
1039,847,5
1039,826,5
1039,848,5
1039,840,3
1039,817,5
1039,815,5
1039,846,5
1039,826,5
1039,839,1
1039,847,5
1039,8,6
1039,20,6
1039,154,5
1039,822,5
1039,1,5
1039,844,5
1039,848,5
1039,840,3
1039,20,6
1039,822,5
1039,1,5
1039,844,5
1039,8,6
1039,846,5
1039,817,5
1039,815,5
1039,20,6
1039,154,5
1039,844,5
1039,817,5
1039,8,6
1039,815,5
1039,20,6
1039,154,5
1039,846,5
1039,826,5
1039,847,5
1039,840,3
1039,822,5
1039,1,5
1039,848,5
1039,844,5
1039,8,6
1039,822,5
1039,154,5
1039,817,5
1039,848,5
1039,815,5
1039,846,5
1039,826,5
1039,847,5
1039,20,6
1039,1,5
1039,1,5
1039,822,5
1039,8,6
1039,154,5
1039,817,5
1039,848,5
1039,815,5
1039,846,5
1039,826,5
1039,844,5
1039,847,5
1039,20,6
1038,840,1
1038,842,2
1038,8,2
1038,841,3
1038,832,2
1038,846,2
1038,822,2
1038,849,2
1038,817,2
1038,830,2
1038,839,2
1038,826,2
1038,815,2
1038,847,2
1038,848,2
1038,154,2
1038,1,3
1038,841,3
1040,847,3
1040,848,2
1040,846,2
1040,847,3
1040,817,1
1040,1,1
1040,841,1
1040,154,2
1040,849,1
1040,839,1
1040,842,2
1040,825,1
1040,815,1
1040,830,1
1040,822,1
1040,848,2
1040,844,1
1040,826,1
1040,20,1
1040,8,1
1040,842,2
1040,154,2
1040,846,2
1040,847,3
1041,848,1
1041,844,2
1041,8,2
1041,20,2
1041,847,1
1041,822,1
1041,825,2
1041,849,2
1041,841,2
1041,1,2
1041,830,2
1041,817,2
1041,826,2
1041,815,2
1041,832,2
1041,154,1
1041,846,1
1041,807,2
1041,842,2
1041,849,2
1041,825,2
1041,844,2
1041,841,2
1041,20,2
1041,817,2
1041,832,2
1041,1,2
1041,830,2
1041,842,2
1041,807,2
1041,8,2
1041,826,2
1041,815,2
1042,815,2
1042,8,1
1042,817,1
1042,846,2
1042,840,2
1042,848,2
1042,830,1
1042,849,1
1042,826,2
1042,832,1
1042,154,1
1042,20,1
1042,842,1
1042,841,1
1042,825,1
1042,844,1
1042,840,2
1042,847,1
1042,1,1
1042,822,1
1042,846,2
1042,815,2
1042,848,2
1042,839,1
1042,826,2
1043,840,3
1043,154,2
1043,841,1
1043,847,1
1043,844,1
1043,846,2
1043,839,1
1043,817,1
1043,848,2
1043,826,2
1043,832,2
1043,830,1
1043,822,2
1043,815,2
1043,825,1
1043,1,2
1043,840,3
1043,849,1
1043,20,2
1043,8,1
1043,154,2
1043,822,2
1043,815,2
1043,826,2
1043,832,2
1043,1,2
1043,20,2
1043,840,3
1043,846,2
1043,848,2
1044,839,2
1044,844,2
1044,822,2
1044,20,2
1044,1,1
1044,8,3
1044,825,2
1044,841,1
1044,826,1
1044,154,2
1044,840,2
1044,849,2
1044,846,2
1044,815,1
1044,817,2
1044,832,2
1044,842,2
1044,839,2
1044,830,3
1044,848,2
1044,830,3
1044,844,2
1044,8,3
1044,817,2
1044,847,2
1044,20,2
1044,832,2
1044,842,2
1044,848,2
1044,825,2
1044,840,2
1044,846,2
1044,154,2
1044,849,2
1044,830,3
1044,847,2
1044,822,2
1044,8,3
1045,1,3
1045,830,4
1045,815,3
1045,848,3
1045,817,3
1045,822,4
1045,842,2
1045,839,3
1045,846,3
1045,844,3
1045,841,3
1045,840,1
1045,832,3
1045,825,4
1045,20,3
1045,849,3
1045,8,3
1045,847,3
1045,826,3
1045,825,4
1045,822,4
1045,817,3
1045,839,3
1045,826,3
1045,8,3
1045,846,3
1045,1,3
1045,848,3
1045,830,4
1045,815,3
1045,847,3
1045,841,3
1045,20,3
1045,832,3
1045,849,3
1045,844,3
1045,842,2
1045,822,4
1045,825,4
1045,826,3
1045,830,4
1045,848,3
1045,839,3
1045,1,3
1045,815,3
1045,817,3
1045,849,3
1045,846,3
1045,822,4
1045,832,3
1045,847,3
1045,20,3
1045,844,3
1045,8,3
1045,830,4
1045,841,3
1045,825,4
1046,815,2
1046,846,2
1046,8,3
1046,841,2
1046,825,2
1046,826,2
1046,849,1
1046,832,2
1046,842,2
1046,817,2
1046,20,3
1046,851,3
1046,850,3
1046,839,1
1046,840,1
1046,847,4
1046,815,2
1046,848,2
1046,822,2
1046,842,2
1046,826,2
1046,846,2
1046,850,3
1046,20,3
1046,841,2
1046,825,2
1046,851,3
1046,8,3
1046,832,2
1046,817,2
1046,851,3
1046,847,4
1046,822,2
1046,848,2
1046,847,4
1046,8,3
1046,20,3
1046,850,3
1046,847,4
1047,830,1
1047,822,1
1047,1,1
1047,848,1
1047,846,1
1047,832,1
1047,840,1
1047,842,1
1047,826,1
1047,839,1
1047,8,1
1047,847,1
1047,850,3
1047,849,2
1047,844,1
1047,841,1
1047,825,2
1047,850,3
1047,20,1
1047,849,2
1047,817,1
1047,825,2
1047,850,3
1052,815,3
1052,842,3
1052,4,2
1052,846,2
1052,844,2
1052,840,2
1052,841,2
1052,1,2
1052,817,2
1052,8,2
1052,839,2
1052,847,2
1052,849,2
1052,854,2
1052,832,2
1052,852,2
1052,822,3
1052,830,2
1052,815,3
1052,842,3
1052,20,1
1052,1,2
1052,840,2
1052,8,2
1052,4,2
1052,822,3
1052,841,2
1052,839,2
1052,844,2
1052,817,2
1052,849,2
1052,846,2
1052,852,2
1052,854,2
1052,847,2
1052,832,2
1052,815,3
1052,830,2
1052,842,3
1052,822,3
1053,839,5
1053,20,5
1053,854,4
1053,853,4
1053,842,4
1053,20,5
1053,854,4
1053,20,5
1053,853,4
1053,852,3
1053,847,1
1053,8,3
1053,830,2
1053,842,4
1053,832,2
1053,817,2
1053,840,3
1053,1,4
1053,841,4
1053,839,5
1053,844,2
1053,815,2
1053,846,2
1053,822,1
1053,4,3
1053,1,4
1053,839,5
1053,830,2
1053,840,3
1053,8,3
1053,1,4
1053,854,4
1053,852,3
1053,841,4
1053,844,2
1053,4,3
1053,839,5
1053,853,4
1053,846,2
1053,815,2
1053,832,2
1053,842,4
1053,20,5
1053,817,2
1053,840,3
1053,8,3
1053,1,4
1053,852,3
1053,841,4
1053,4,3
1053,839,5
1053,842,4
1053,20,5
1053,854,4
1053,853,4
1053,841,4
1054,822,4
1054,1,3
1054,830,4
1054,832,3
1054,815,3
1054,846,3
1054,839,3
1054,844,3
1054,842,3
1054,20,3
1054,847,3
1054,841,3
1054,817,3
1054,4,3
1054,852,3
1054,840,3
1054,849,3
1054,854,3
1054,853,4
1054,822,4
1054,1,3
1054,830,4
1054,832,3
1054,815,3
1054,846,3
1054,839,3
1054,844,3
1054,842,3
1054,20,3
1054,847,3
1054,841,3
1054,817,3
1054,4,3
1054,852,3
1054,840,3
1054,849,3
1054,854,3
1054,853,4
1054,832,3
1054,852,3
1054,846,3
1054,839,3
1054,20,3
1054,841,3
1054,842,3
1054,849,3
1054,844,3
1054,847,3
1054,853,4
1054,854,3
1054,830,4
1054,822,4
1054,1,3
1054,840,3
1054,4,3
1054,817,3
1054,853,4
1054,815,3
1054,822,4
1054,830,4
1055,841,2
1055,847,2
1055,849,3
1055,842,2
1055,4,2
1055,20,2
1055,832,2
1055,840,2
1055,853,2
1055,822,2
1055,839,1
1055,846,2
1055,854,2
1055,830,2
1055,817,2
1055,815,2
1055,849,3
1055,1,2
1055,844,2
1055,847,2
1055,8,1
1055,20,2
1055,840,2
1055,841,2
1055,1,2
1055,853,2
1055,817,2
1055,832,2
1055,842,2
1055,849,3
1055,854,2
1055,846,2
1055,822,2
1055,815,2
1055,844,2
1055,830,2
1055,4,2
1056,1,2
1056,846,1
1056,842,1
1056,20,1
1056,847,1
1056,832,1
1056,841,1
1056,830,1
1056,815,1
1056,853,1
1056,817,1
1056,839,1
1056,854,1
1056,8,1
1056,849,1
1056,4,1
1056,840,1
1056,852,1
1056,1,2
1057,847,4
1057,841,4
1057,4,4
1057,846,3
1057,854,5
1057,844,3
1057,852,3
1057,849,2
1057,853,6
1057,832,3
1057,1,3
1057,842,3
1057,822,3
1057,817,3
1057,830,1
1057,815,3
1057,8,3
1057,20,3
1057,4,4
1057,841,4
1057,847,4
1057,854,5
1057,853,6
1057,854,5
1057,853,6
1057,815,3
1057,1,3
1057,20,3
1057,842,3
1057,844,3
1057,852,3
1057,846,3
1057,832,3
1057,817,3
1057,4,4
1057,8,3
1057,841,4
1057,822,3
1057,847,4
1057,853,6
1057,854,5
1057,815,3
1057,1,3
1057,20,3
1057,842,3
1057,844,3
1057,852,3
1057,846,3
1057,832,3
1057,817,3
1057,4,4
1057,8,3
1057,841,4
1057,849,2
1057,822,3
1057,847,4
1057,853,6
1057,854,5
1057,853,6
1059,844,2
1059,852,1
1059,854,1
1059,817,1
1059,822,1
1059,832,1
1059,842,1
1059,847,1
1059,830,2
1059,4,1
1059,849,1
1059,1,1
1059,815,1
1059,846,1
1059,839,1
1059,841,1
1059,853,1
1059,830,2
1059,8,1
1059,840,1
1059,20,1
1059,844,2
1058,844,2
1058,849,2
1058,853,1
1058,841,1
1058,847,2
1058,815,2
1058,849,2
1058,852,1
1058,847,2
1058,822,1
1058,4,1
1058,20,1
1058,1,2
1058,840,1
1058,830,1
1058,846,1
1058,854,1
1058,8,1
1058,839,1
1058,844,2
1058,832,1
1058,817,1
1058,815,2
1058,1,2
1060,841,2
1060,852,2
1060,842,2
1060,840,2
1060,20,2
1060,853,2
1060,817,1
1060,841,2
1060,846,1
1060,822,1
1060,847,1
1060,1,2
1060,830,2
1060,815,1
1060,4,1
1060,849,1
1060,844,1
1060,854,1
1060,8,1
1060,842,2
1060,853,2
1060,840,2
1060,832,1
1060,20,2
1060,852,2
1060,1,2
1060,830,2
1061,844,2
1061,1,2
1061,822,2
1061,846,2
1061,817,2
1061,20,2
1061,4,2
1061,832,2
1061,8,2
1061,839,2
1061,840,2
1061,842,3
1061,841,2
1061,847,2
1061,852,2
1061,854,2
1061,849,2
1061,853,2
1061,815,4
1061,8,2
1061,815,4
1061,847,2
1061,20,2
1061,839,2
1061,849,2
1061,817,2
1061,846,2
1061,822,2
1061,840,2
1061,841,2
1061,4,2
1061,854,2
1061,853,2
1061,1,2
1061,832,2
1061,842,3
1061,844,2
1061,852,2
1061,815,4
1061,842,3
1061,815,4
1062,830,5
1062,853,2
1062,846,1
1062,841,5
1062,1,4
1062,839,3
1062,20,3
1062,832,3
1062,852,3
1062,849,3
1062,4,3
1062,847,3
1062,8,4
1062,854,3
1062,842,4
1062,817,3
1062,830,5
1062,853,2
1062,841,5
1062,839,3
1062,20,3
1062,832,3
1062,852,3
1062,849,3
1062,4,3
1062,847,3
1062,8,4
1062,854,3
1062,842,4
1062,817,3
1062,830,5
1062,841,5
1062,1,4
1062,841,5
1062,8,4
1062,1,4
1062,817,3
1062,830,5
1062,847,3
1062,852,3
1062,849,3
1062,842,4
1062,832,3
1062,841,5
1062,854,3
1062,20,3
1062,839,3
1062,4,3
1062,830,5
1062,1,4
1062,8,4
1062,842,4
1064,854,2
1064,815,2
1064,20,2
1064,1,3
1064,830,2
1064,849,1
1064,842,1
1064,841,2
1064,847,2
1064,840,1
1064,817,1
1064,822,2
1064,832,1
1064,839,1
1064,852,1
1064,854,2
1064,4,1
1064,841,2
1064,853,1
1064,844,1
1064,1,3
1064,830,2
1064,9,1
1064,846,1
1064,20,2
1064,815,2
1064,822,2
1064,1,3
1064,847,2
1065,841,2
1065,817,1
1065,20,2
1065,830,1
1065,849,1
1065,854,1
1065,846,1
1065,853,3
1065,1,1
1065,840,1
1065,4,1
1065,841,2
1065,844,1
1065,815,1
1065,832,1
1065,822,1
1065,839,1
1065,847,1
1065,9,1
1065,20,2
1065,853,3
1065,853,3
1066,840,2
1066,847,2
1066,849,1
1066,852,3
1066,832,2
1066,853,2
1066,839,2
1066,8,2
1066,854,1
1066,817,2
1066,1,2
1066,830,2
1066,20,2
1066,846,2
1066,822,2
1066,842,2
1066,844,2
1066,815,2
1066,4,2
1066,841,2
1066,847,2
1066,822,2
1066,8,2
1066,853,2
1066,852,3
1066,830,2
1066,832,2
1066,817,2
1066,840,2
1066,1,2
1066,852,3
1066,4,2
1066,815,2
1066,20,2
1066,842,2
1066,839,2
1066,841,2
1066,846,2
1066,844,2
1067,817,1
1067,4,1
1067,846,1
1067,849,1
1067,852,1
1067,847,1
1067,830,1
1067,832,1
1067,853,1
1067,20,2
1067,822,1
1067,815,1
1067,8,1
1067,20,2
1067,842,1
1067,840,1
1067,854,1
1067,841,1
1067,844,1
1067,1,1
1069,853,3
1069,839,2
1069,849,2
1069,4,3
1069,841,2
1069,852,2
1069,847,2
1069,830,2
1069,846,2
1069,842,1
1069,817,2
1069,832,2
1069,854,2
1069,815,2
1069,844,2
1069,8,2
1069,1,2
1069,822,2
1069,20,2
1069,840,2
1069,853,3
1069,849,2
1069,839,2
1069,841,2
1069,4,3
1069,830,2
1069,832,2
1069,815,2
1069,817,2
1069,846,2
1069,8,2
1069,847,2
1069,844,2
1069,852,2
1069,822,2
1069,840,2
1069,854,2
1069,1,2
1069,20,2
1069,853,3
1069,4,3
1070,817,2
1070,822,4
1070,849,2
1070,840,2
1070,853,2
1070,839,1
1070,847,1
1070,841,1
1070,1,1
1070,844,1
1070,842,1
1070,8,1
1070,830,1
1070,20,1
1070,840,2
1070,817,2
1070,4,1
1070,815,1
1070,822,4
1070,832,1
1070,846,1
1070,849,2
1070,853,2
1070,822,4
1070,822,4
1071,846,5
1071,852,5
1071,847,4
1071,852,5
1071,846,5
1071,830,4
1071,815,5
1071,1,4
1071,822,4
1071,844,4
1071,832,4
1071,20,4
1071,842,4
1071,839,3
1071,817,3
1071,4,3
1071,840,3
1071,841,4
1071,853,3
1071,854,5
1071,849,4
1071,8,4
1071,847,4
1071,852,5
1071,846,5
1071,830,4
1071,815,5
1071,1,4
1071,822,4
1071,844,4
1071,832,4
1071,20,4
1071,842,4
1071,839,3
1071,817,3
1071,4,3
1071,840,3
1071,841,4
1071,853,3
1071,854,5
1071,849,4
1071,8,4
1071,847,4
1071,852,5
1071,846,5
1071,854,5
1071,849,4
1071,840,3
1071,842,4
1071,1,4
1071,832,4
1071,830,4
1071,844,4
1071,815,5
1071,20,4
1071,8,4
1071,841,4
1071,822,4
1071,854,5
1071,817,3
1071,839,3
1071,4,3
1071,853,3
1071,846,5
1071,852,5
1071,849,4
1071,830,4
1071,822,4
1071,847,4
1071,815,5
1071,841,4
1071,1,4
1071,842,4
1071,844,4
1071,8,4
1071,832,4
1071,20,4
1071,854,5
1071,815,5
1051,852,2
1051,8,2
1051,842,2
1051,841,2
1051,830,3
1051,847,2
1051,1,2
1051,849,1
1051,815,2
1051,854,1
1051,4,1
1051,840,1
1051,839,1
1051,846,2
1051,817,1
1051,20,1
1051,832,1
1051,844,1
1051,8,2
1051,853,1
1051,841,2
1051,822,1
1051,852,2
1051,842,2
1051,830,3
1051,815,2
1051,1,2
1051,846,2
1051,847,2
1051,830,3
1072,840,3
1072,847,2
1072,1,3
1072,822,3
1072,844,3
1072,815,2
1072,846,3
1072,4,4
1072,849,3
1072,830,2
1072,1,3
1072,822,3
1072,839,2
1072,817,2
1072,844,3
1072,842,2
1072,815,2
1072,832,2
1072,841,2
1072,852,3
1072,8,3
1072,20,2
1072,846,3
1072,4,4
1072,853,1
1072,847,2
1072,840,3
1072,849,3
1072,830,2
1072,839,2
1072,1,3
1072,817,2
1072,822,3
1072,842,2
1072,844,3
1072,841,2
1072,832,2
1072,20,2
1072,8,3
1072,852,3
1072,4,4
1072,840,3
1072,849,3
1072,846,3
1072,852,3
1072,8,3
1072,4,4
1073,854,2
1073,830,3
1073,1,1
1073,844,2
1073,839,1
1073,846,2
1073,841,1
1073,817,2
1073,832,1
1073,815,3
1073,840,2
1073,8,1
1073,852,2
1073,20,1
1073,849,1
1073,822,1
1073,844,2
1073,830,3
1073,815,3
1073,4,1
1073,842,2
1073,846,2
1073,830,3
1073,817,2
1073,840,2
1073,815,3
1073,854,2
1073,852,2
1073,842,2
1020,1,6
1074,1,3
1074,4,3
1074,854,2
1074,848,3
1074,830,3
1074,832,3
1074,825,3
1074,842,2
1074,839,3
1074,822,3
1074,849,3
1074,844,3
1074,815,3
1074,847,3
1074,852,3
1074,855,3
1074,817,3
1074,840,3
1074,807,3
1074,846,3
1074,4,3
1074,1,3
1074,852,3
1074,830,3
1074,839,3
1074,844,3
1074,842,2
1074,849,3
1074,832,3
1074,815,3
1074,847,3
1074,817,3
1074,825,3
1074,854,2
1074,848,3
1074,822,3
1074,855,3
1074,807,3
1074,840,3
1074,846,3
1074,4,3
1074,830,3
1074,815,3
1074,839,3
1074,832,3
1074,1,3
1074,852,3
1074,817,3
1074,847,3
1074,807,3
1074,822,3
1074,855,3
1074,844,3
1074,840,3
1074,846,3
1074,849,3
1074,825,3
1074,848,3
1075,817,1
1075,840,1
1075,848,1
1075,815,1
1075,842,1
1075,844,1
1075,830,1
1075,832,1
1075,847,1
1075,4,1
1075,822,2
1075,839,1
1075,846,1
1075,855,2
1075,855,2
1075,822,2
1075,825,1
1075,807,1
1075,1,1
1076,840,3
1076,840,3
1076,849,2
1076,854,1
1076,839,1
1076,830,1
1076,852,1
1076,815,1
1076,846,1
1076,817,1
1076,842,1
1076,855,1
1076,844,1
1076,1,1
1076,822,1
1076,847,1
1076,840,3
1076,849,2
1076,4,2
1076,825,1
1076,4,2
1076,848,1
1077,817,3
1077,817,3
1077,20,1
1077,842,1
1077,848,1
1077,815,2
1077,847,1
1077,822,1
1077,825,1
1077,852,1
1077,840,1
1077,1,1
1077,839,1
1077,849,1
1077,855,1
1077,854,2
1077,830,2
1077,844,3
1077,846,1
1077,817,3
1077,844,3
1077,815,2
1077,830,2
1077,854,2
1077,844,3
1078,852,2
1078,825,2
1078,854,2
1078,4,1
1078,842,2
1078,848,1
1078,846,1
1078,1,1
1078,844,1
1078,830,1
1078,822,1
1078,832,1
1078,815,2
1078,817,2
1078,849,1
1078,847,1
1078,840,1
1078,842,2
1078,815,2
1078,839,1
1078,20,1
1078,817,2
1078,852,2
1078,825,2
1078,854,2
1079,1,3
1079,825,2
1079,832,3
1079,4,3
1079,842,3
1079,855,1
1079,852,3
1079,817,3
1079,848,4
1079,846,3
1079,854,2
1079,849,3
1079,847,3
1079,830,3
1079,839,3
1079,822,2
1079,840,3
1079,815,3
1079,844,1
1079,20,2
1079,1,3
1079,848,4
1079,849,3
1079,840,3
1079,830,3
1079,842,3
1079,825,2
1079,854,2
1079,832,3
1079,4,3
1079,817,3
1079,852,3
1079,846,3
1079,822,2
1079,839,3
1079,847,3
1079,815,3
1079,20,2
1079,830,3
1079,832,3
1079,848,4
1079,842,3
1079,840,3
1079,1,3
1079,817,3
1079,847,3
1079,849,3
1079,846,3
1079,839,3
1079,852,3
1079,815,3
1079,4,3
1079,848,4
1080,840,4
1080,849,4
1080,842,3
1080,840,4
1080,849,4
1080,854,2
1080,20,3
1080,852,4
1080,1,3
1080,815,3
1080,846,4
1080,854,2
1080,844,3
1080,830,3
1080,848,3
1080,817,2
1080,855,2
1080,849,4
1080,822,2
1080,832,2
1080,844,3
1080,847,2
1080,4,2
1080,839,2
1080,852,4
1080,815,3
1080,830,3
1080,846,4
1080,1,3
1080,842,3
1080,848,3
1080,20,3
1080,840,4
1080,815,3
1080,832,2
1080,830,3
1080,840,4
1080,844,3
1080,852,4
1080,855,2
1080,847,2
1080,846,4
1080,849,4
1080,4,2
1080,1,3
1080,848,3
1080,839,2
1080,822,2
1080,20,3
1080,842,3
1080,817,2
1080,846,4
1080,852,4
1081,849,2
1081,844,1
1081,847,2
1081,842,1
1081,1,2
1081,20,1
1081,852,2
1081,855,1
1081,825,1
1081,848,2
1081,854,2
1081,815,2
1081,849,2
1081,830,2
1081,4,1
1081,846,1
1081,854,2
1081,848,2
1081,840,1
1081,830,2
1081,815,2
1081,847,2
1081,1,2
1081,817,1
1081,839,1
1081,822,1
1081,852,2
1082,20,2
1082,842,2
1082,825,1
1082,830,2
1082,1,2
1082,852,2
1082,849,2
1082,848,2
1082,847,2
1082,839,2
1082,855,2
1082,817,2
1082,846,2
1082,20,2
1082,832,2
1082,4,2
1082,842,2
1082,849,2
1082,844,1
1082,830,2
1082,846,2
1082,1,2
1082,847,2
1082,840,1
1082,852,2
1082,832,2
1082,848,2
1082,839,2
1082,4,2
1082,822,1
1082,855,2
1082,817,2
1083,830,4
1083,832,3
1083,1,3
1083,844,2
1083,4,3
1083,815,3
1083,846,3
1083,849,3
1083,822,1
1083,817,4
1083,842,2
1083,825,2
1083,20,3
1083,840,3
1083,854,3
1083,852,3
1083,839,2
1083,815,3
1083,20,3
1083,830,4
1083,840,3
1083,842,2
1083,852,3
1083,849,3
1083,854,3
1083,832,3
1083,817,4
1083,839,2
1083,825,2
1083,830,4
1083,844,2
1083,817,4
1083,1,3
1083,4,3
1083,846,3
1083,832,3
1083,1,3
1083,817,4
1083,815,3
1083,852,3
1083,4,3
1083,20,3
1083,830,4
1083,854,3
1083,849,3
1083,846,3
1083,840,3
1084,815,1
1084,822,2
1084,847,2
1084,848,2
1084,817,2
1084,842,2
1084,849,2
1084,830,3
1084,846,2
1084,825,2
1084,839,2
1084,854,2
1084,20,2
1084,855,2
1084,844,3
1084,852,2
1084,832,2
1084,4,3
1084,1,2
1084,840,2
1084,849,2
1084,830,3
1084,822,2
1084,847,2
1084,842,2
1084,825,2
1084,848,2
1084,854,2
1084,846,2
1084,839,2
1084,817,2
1084,20,2
1084,855,2
1084,852,2
1084,844,3
1084,840,2
1084,832,2
1084,1,2
1084,4,3
1084,844,3
1084,830,3
1084,4,3
1085,825,2
1085,854,2
1085,855,2
1085,852,1
1085,830,1
1085,1,1
1085,815,1
1085,847,1
1085,4,1
1085,846,1
1085,839,1
1085,832,2
1085,817,1
1085,840,1
1085,848,1
1085,842,1
1085,822,2
1085,825,2
1085,854,2
1085,20,1
1085,849,2
1085,855,2
1085,822,2
1085,849,2
1085,832,2
1086,848,3
1086,825,3
1086,852,3
1086,846,2
1086,840,2
1086,817,2
1086,20,2
1086,847,2
1086,830,2
1086,842,2
1086,832,2
1086,815,2
1086,849,3
1086,1,2
1086,844,3
1086,4,1
1086,854,2
1086,848,3
1086,839,1
1086,822,1
1086,855,2
1086,852,3
1086,825,3
1086,830,2
1086,844,3
1086,847,2
1086,849,3
1086,848,3
1086,854,2
1086,815,2
1086,846,2
1086,817,2
1086,840,2
1086,20,2
1086,842,2
1086,832,2
1086,1,2
1086,855,2
1086,852,3
1086,844,3
1086,849,3
1086,825,3
1087,844,3
1087,849,3
1087,848,2
1087,842,2
1087,832,2
1087,4,2
1087,825,2
1087,817,2
1087,839,2
1087,847,2
1087,846,2
1087,815,2
1087,20,2
1087,855,2
1087,854,2
1087,830,2
1087,840,2
1087,849,3
1087,852,2
1087,842,2
1087,832,2
1087,844,3
1087,4,2
1087,848,2
1087,840,2
1087,815,2
1087,825,2
1087,855,2
1087,847,2
1087,846,2
1087,830,2
1087,852,2
1087,854,2
1087,839,2
1087,817,2
1087,20,2
1087,849,3
1087,844,3
1088,20,4
1088,842,4
1088,817,5
1088,4,3
1088,855,4
1088,854,4
1088,852,3
1088,849,4
1088,832,3
1088,815,4
1088,825,4
1088,840,4
1088,822,2
1088,844,4
1088,846,3
1088,830,4
1088,839,3
1088,848,4
1088,849,4
1088,817,5
1088,1,3
1088,847,3
1088,842,4
1088,854,4
1088,822,2
1088,825,4
1088,20,4
1088,855,4
1088,840,4
1088,815,4
1088,852,3
1088,848,4
1088,832,3
1088,844,4
1088,852,3
1088,846,3
1088,4,3
1088,830,4
1088,1,3
1088,847,3
1088,854,4
1088,825,4
1088,817,5
1088,20,4
1088,849,4
1088,830,4
1088,848,4
1088,844,4
1088,815,4
1088,855,4
1088,817,5
1088,839,3
1088,840,4
1088,842,4
1088,1,3
1088,849,4
1088,847,3
1088,830,4
1088,848,4
1088,854,4
1088,20,4
1088,844,4
1088,825,4
1088,815,4
1088,855,4
1088,832,3
1088,846,3
1088,4,3
1088,817,5
1088,839,3
1088,840,4
1088,842,4
1089,815,2
1089,844,3
1089,849,2
1089,842,1
1089,855,1
1089,840,1
1089,817,1
1089,856,1
1089,839,1
1089,852,2
1089,847,2
1089,825,2
1089,830,2
1089,832,2
1089,844,3
1089,1,1
1089,854,1
1089,846,2
1089,822,1
1089,815,2
1089,847,2
1089,825,2
1089,832,2
1089,846,2
1089,830,2
1089,852,2
1089,844,3
1089,849,2
1091,825,2
1091,847,4
1091,842,1
1091,852,1
1091,822,1
1091,825,2
1091,844,1
1091,1,1
1091,20,1
1091,854,2
1091,815,1
1091,832,1
1091,830,2
1091,840,1
1091,847,4
1091,846,1
1091,817,1
1091,830,2
1091,854,2
1091,847,4
1091,847,4
1092,842,4
1092,830,2
1092,844,2
1092,815,2
1092,839,2
1092,1,2
1092,4,3
1092,847,2
1092,817,2
1092,852,3
1092,854,2
1092,840,3
1092,825,2
1092,846,2
1092,822,2
1092,849,2
1092,20,2
1092,855,3
1092,842,4
1092,849,2
1092,20,2
1092,846,2
1092,822,2
1092,830,2
1092,844,2
1092,815,2
1092,839,2
1092,1,2
1092,847,2
1092,852,3
1092,825,2
1092,840,3
1092,842,4
1092,4,3
1092,817,2
1092,855,3
1092,854,2
1092,855,3
1092,840,3
1092,842,4
1092,852,3
1092,4,3
1093,849,2
1093,848,2
1093,855,2
1093,822,1
1093,852,2
1093,817,2
1093,842,2
1093,1,2
1093,830,2
1093,847,3
1093,815,2
1093,846,2
1093,840,1
1093,844,2
1093,20,2
1093,4,2
1093,839,2
1093,854,2
1093,825,1
1093,848,2
1093,849,2
1093,4,2
1093,855,2
1093,842,2
1093,852,2
1093,854,2
1093,1,2
1093,846,2
1093,830,2
1093,844,2
1093,817,2
1093,847,3
1093,815,2
1093,20,2
1093,839,2
1093,847,3
1094,840,2
1094,815,1
1094,849,2
1094,854,1
1094,830,1
1094,844,1
1094,1,1
1094,832,1
1094,852,1
1094,846,1
1094,839,1
1094,847,2
1094,20,1
1094,848,1
1094,825,1
1094,822,1
1094,4,1
1094,842,1
1094,840,2
1094,817,1
1094,855,1
1094,849,2
1094,847,2
1095,848,3
1095,830,3
1095,844,3
1095,4,3
1095,855,2
1095,832,3
1095,842,3
1095,852,3
1095,849,3
1095,844,3
1095,815,2
1095,830,3
1095,847,2
1095,846,2
1095,822,2
1095,839,2
1095,854,2
1095,848,3
1095,20,2
1095,1,2
1095,840,2
1095,849,3
1095,4,3
1095,842,3
1095,832,3
1095,855,2
1095,852,3
1095,844,3
1095,822,2
1095,20,2
1095,846,2
1095,854,2
1095,815,2
1095,839,2
1095,848,3
1095,1,2
1095,830,3
1095,840,2
1095,847,2
1095,4,3
1095,842,3
1095,832,3
1095,849,3
1095,852,3
1096,848,2
1096,840,2
1096,839,2
1096,852,2
1096,854,2
1096,842,1
1096,815,2
1096,847,2
1096,846,2
1096,855,2
1096,849,2
1096,832,2
1096,1,1
1096,4,1
1096,817,1
1096,830,1
1096,844,1
1096,20,1
1096,825,1
1096,822,1
1096,815,2
1096,854,2
1096,848,2
1096,852,2
1096,832,2
1096,847,2
1096,849,2
1096,840,2
1096,839,2
1096,846,2
1096,855,2
1098,842,3
1098,846,6
1098,852,3
1098,822,2
1098,848,3
1098,807,3
1098,856,2
1098,1,2
1098,839,3
1098,858,3
1098,855,3
1098,844,2
1098,832,2
1098,847,2
1098,830,2
1098,4,2
1098,840,2
1098,825,3
1098,839,3
1098,815,2
1098,846,6
1098,842,3
1098,848,3
1098,852,3
1098,807,3
1098,856,2
1098,846,6
1098,822,2
1098,825,3
1098,1,2
1098,840,2
1098,858,3
1098,832,2
1098,847,2
1098,855,3
1098,839,3
1098,844,2
1098,815,2
1098,4,2
1098,830,2
1098,846,6
1098,848,3
1098,842,3
1098,852,3
1098,858,3
1098,825,3
1098,807,3
1098,846,6
1098,855,3
1098,846,6
1099,857,1
1099,846,2
1099,825,1
1099,822,3
1099,855,2
1099,807,1
1099,840,1
1099,842,1
1099,832,1
1099,844,1
1099,839,1
1099,852,1
1099,848,1
1099,856,1
1099,822,3
1099,815,1
1099,4,1
1099,847,1
1099,830,1
1099,1,1
1099,858,1
1099,855,2
1099,846,2
1099,822,3
1100,839,3
1100,855,5
1100,858,6
1100,815,5
1100,822,6
1100,858,6
1100,815,5
1100,847,2
1100,832,4
1100,825,2
1100,1,3
1100,830,3
1100,4,3
1100,840,3
1100,842,2
1100,807,3
1100,847,2
1100,852,4
1100,846,3
1100,857,4
1100,832,4
1100,856,4
1100,839,3
1100,815,5
1100,855,5
1100,822,6
1100,858,6
1100,825,2
1100,858,6
1100,856,4
1100,822,6
1100,857,4
1100,855,5
1100,852,4
1100,830,3
1100,1,3
1100,4,3
1100,822,6
1100,832,4
1100,842,2
1100,840,3
1100,815,5
1100,858,6
1100,846,3
1100,807,3
1100,856,4
1100,839,3
1100,857,4
1100,855,5
1100,852,4
1100,822,6
1100,858,6
1100,856,4
1100,830,3
1100,1,3
1100,832,4
1100,807,3
1100,852,4
1100,846,3
1100,857,4
1100,855,5
1100,822,6
1100,815,5
1100,4,3
1100,840,3
1101,842,2
1101,822,3
1101,848,1
1101,852,1
1101,857,1
1101,858,1
1101,1,1
1101,846,1
1101,830,1
1101,825,1
1101,815,1
1101,844,1
1101,832,1
1101,4,1
1101,847,2
1101,840,1
1101,855,1
1101,822,3
1101,842,2
1101,822,3
1101,847,2
1101,807,1
1101,839,1
1102,858,1
1102,846,1
1102,857,1
1102,825,1
1102,842,1
1102,822,1
1102,856,1
1102,847,1
1102,844,1
1102,832,1
1102,815,1
1102,848,1
1102,4,1
1102,855,1
1102,807,1
1102,852,1
1102,1,1
1102,839,1
1102,840,1
1102,830,1
1104,807,3
1104,855,2
1104,815,5
1104,848,2
1104,858,3
1104,858,3
1104,1,2
1104,839,2
1104,832,2
1104,815,5
1104,844,2
1104,842,2
1104,846,2
1104,822,1
1104,840,1
1104,855,2
1104,848,2
1104,852,1
1104,858,3
1104,4,2
1104,856,1
1104,847,1
1104,839,2
1104,1,2
1104,842,2
1104,815,5
1104,830,1
1104,857,1
1104,846,2
1104,4,2
1104,807,3
1104,844,2
1104,832,2
1104,825,1
1104,815,5
1104,807,3
1104,815,5
1105,846,3
1105,822,2
1105,807,3
1105,855,2
1105,856,2
1105,852,2
1105,825,3
1105,839,2
1105,840,2
1105,832,2
1105,844,2
1105,848,2
1105,857,2
1105,858,2
1105,4,2
1105,842,2
1105,846,3
1105,1,2
1105,825,3
1105,847,2
1105,830,2
1105,807,3
1105,815,2
1105,840,2
1105,852,2
1105,839,2
1105,855,2
1105,858,2
1105,848,2
1105,856,2
1105,857,2
1105,842,2
1105,822,2
1105,832,2
1105,844,2
1105,825,3
1105,807,3
1105,4,2
1105,847,2
1105,1,2
1105,815,2
1105,846,3
1105,830,2
1106,852,2
1106,842,2
1106,807,2
1106,840,2
1106,856,2
1106,830,2
1106,1,2
1106,4,2
1106,839,2
1106,857,2
1106,846,2
1106,848,1
1106,855,2
1106,847,1
1106,840,2
1106,807,2
1106,855,2
1106,842,2
1106,852,2
1106,846,2
1106,825,2
1106,839,2
1106,822,1
1106,815,2
1106,857,2
1106,832,1
1106,844,1
1106,1,2
1106,4,2
1106,830,2
1106,856,2
1106,825,2
1106,815,2
1107,825,3
1107,852,4
1107,830,4
1107,844,3
1107,832,3
1107,1,3
1107,846,3
1107,4,3
1107,807,2
1107,840,4
1107,842,3
1107,848,3
1107,847,3
1107,839,3
1107,815,3
1107,855,3
1107,857,4
1107,858,3
1107,822,3
1107,856,3
1107,825,3
1107,852,4
1107,855,3
1107,807,2
1107,856,3
1107,1,3
1107,846,3
1107,842,3
1107,848,3
1107,847,3
1107,839,3
1107,857,4
1107,858,3
1107,844,3
1107,832,3
1107,4,3
1107,840,4
1107,822,3
1107,857,4
1107,852,4
1107,830,4
1107,815,3
1107,825,3
1107,840,4
1107,856,3
1107,855,3
1107,839,3
1107,822,3
1107,846,3
1107,847,3
1107,848,3
1107,857,4
1107,1,3
1107,858,3
1107,852,4
1107,4,3
1107,842,3
1107,832,3
1107,844,3
1107,830,4
1107,815,3
1107,840,4
1107,830,4
1108,807,2
1108,852,2
1108,844,2
1108,855,3
1108,832,1
1108,856,2
1108,847,1
1108,815,1
1108,857,1
1108,858,1
1108,842,1
1108,840,1
1108,848,1
1108,844,2
1108,822,1
1108,852,2
1108,856,2
1108,807,2
1108,830,1
1108,846,1
1108,1,1
1108,4,1
1108,855,3
1108,855,3
1109,848,2
1109,840,2
1109,852,2
1109,822,2
1109,855,2
1109,858,2
1109,825,2
1109,832,2
1109,1,2
1109,807,2
1109,846,2
1109,844,2
1109,857,2
1109,817,2
1109,4,2
1109,830,2
1109,815,2
1109,847,2
1109,817,2
1109,848,2
1109,840,2
1109,858,2
1109,807,2
1109,855,2
1109,822,2
1109,825,2
1109,857,2
1109,815,2
1109,844,2
1109,4,2
1109,846,2
1109,832,2
1109,852,2
1109,847,2
1109,1,2
1109,830,2
1110,846,2
1110,825,2
1110,817,2
1110,839,2
1110,822,2
1110,848,3
1110,832,1
1110,855,2
1110,858,3
1110,852,2
1110,4,2
1110,1,3
1110,807,2
1110,815,2
1110,844,2
1110,830,2
1110,846,2
1110,840,1
1110,847,1
1110,817,2
1110,842,1
1110,848,3
1110,852,2
1110,822,2
1110,807,2
1110,858,3
1110,839,2
1110,825,2
1110,855,2
1110,1,3
1110,844,2
1110,815,2
1110,4,2
1110,830,2
1110,848,3
1110,858,3
1110,1,3
